Year,Month,Country,Country Code,Total Import (USD)
2016,1,AFGHANISTAN,AF,10609
2016,1,ALBANIA,AL,7947
2016,1,ALGERIA,DZ,0
2016,1,AMERICAN SAMOA,AS,0
2016,1,ANDORRA,AD,0
2016,1,ANGOLA,AO,290967
2016,1,ANGUILLA,AI,0
2016,1,ANTIGUA & BARBUDA,AG,0
2016,1,ARGENTINA,AR,43458878
2016,1,ARMENIA,AM,0
2016,1,ARUBA,AW,0
2016,1,AUSTRALIA,AU,289092801
2016,1,AUSTRIA,AT,44902463
2016,1,AZERBAIJAN,AZ,0
2016,1,BAHAMAS,BS,8385
2016,1,BAHRAIN,BH,3124641
2016,1,BANGLADESH,BD,13382659
2016,1,BARBADOS,BB,2797
2016,1,BELARUS,BY,2073899
2016,1,BELGIUM,BE,45226976
2016,1,BELIZE,BZ,0
2016,1,BENIN,BJ,6917
2016,1,BERMUDA,BM,0
2016,1,BHUTAN,BT,0
2016,1,BOLIVIA,BO,1190716
2016,1,BOSNIA - HERZEGOVINA,BA,277
2016,1,BOTSWANA,BW,2178
2016,1,BRAZIL,BR,223793600
2016,1,BRITISH VIRGIN ISLANDS,VG,95994
2016,1,BRUNEI DARUSSALAM,BN,2199608
2016,1,BULGARIA,BG,2677447
2016,1,BURKINA FASO,BF,564436
2016,1,CAMBODIA,KH,10726313
2016,1,CAMEROON,CM,6089489
2016,1,CANADA,CA,52299519
2016,1,CAYMAN ISLANDS,KY,0
2016,1,CENTRAL AFRICAN REPUBLIC,CF,0
2016,1,CHILE,CL,15110320
2016,1,CHRISTMAS ISLAND (IND.OCEAN),CX,1732995
2016,1,COLOMBIA,CO,2162527
2016,1,COMOROS,KM,0
2016,1,CONGO,CG,587152
2016,1,"CONGO, THE DEMOCRATIC REPUBLIC (ZAIRE)",CD,5570582
2016,1,COSTA RICA,CR,1380927
2016,1,COTE D'IVOIRE,CI,35987327
2016,1,CROATIA,HR,353378
2016,1,CUBA,CU,337704
2016,1,CURACAO,CW,21829
2016,1,CYPRUS,CY,740551
2016,1,CZECH REPUBLIC,CZ,13044343
2016,1,DEM. PEOPLE'S REP. OF KOREA,KP,9429
2016,1,DENMARK,DK,15589547
2016,1,DJIBOUTI,DJ,0
2016,1,DOMINICA,DM,0
2016,1,DOMINICAN REPUBLIC,DO,50259
2016,1,ECUADOR,EC,11953247
2016,1,EGYPT,EG,8369882
2016,1,EL SALVADOR,SV,8269
2016,1,EQUATORIAL GUINEA,GQ,4219
2016,1,ERITREA,ER,0
2016,1,ESTONIA,EE,337257
2016,1,ETHIOPIA,ET,2893
2016,1,FED. STATES OF MICRONESIA,FM,0
2016,1,FEDERAL REPUBLIC OF GERMANY,DE,448030610
2016,1,FIJI,FJ,0
2016,1,FINLAND,FI,11651872
2016,1,FRANCE,FR,114726933
2016,1,FRENCH POLYNESIA,PF,0
2016,1,GABON,GA,22038970
2016,1,GAMBIA,GM,0
2016,1,GEORGIA,GE,263578
2016,1,GHANA,GH,9898106
2016,1,GIBRALTAR,GI,0
2016,1,GREECE,GR,1873576
2016,1,GRENADA,GD,0
2016,1,GUADELOUPE,GP,0
2016,1,GUAM,GU,2335
2016,1,GUATEMALA,GT,78288
2016,1,GUINEA,GN,0
2016,1,GUINEA-BISSAU,GW,0
2016,1,GUYANA,GY,49079
2016,1,HAITI,HT,3783
2016,1,HONDURAS,HN,42286
2016,1,HONG KONG,HK,231447499
2016,1,HUNGARY,HU,10387702
2016,1,ICELAND,IS,47479
2016,1,INDIA,IN,365339064
2016,1,IRAQ,IQ,78952
2016,1,IRELAND,IE,30982670
2016,1,ISLAMIC REP. OF IRAN,IR,3526103
2016,1,ITALY,IT,99841574
2016,1,JAMAICA,JM,208038
2016,1,JAPAN,JP,954049973
2016,1,JORDAN,JO,2869177
2016,1,KAZAKHSTAN,KZ,224169
2016,1,KENYA,KE,636090
2016,1,KIRIBATI,KI,0
2016,1,KUWAIT,KW,83812476
2016,1,KYRGYZSTAN,KG,0
2016,1,LATVIA,LV,1131111
2016,1,LEBANON,LB,871816
2016,1,LESOTHO,LS,6625
2016,1,LIBERIA,LR,2477875
2016,1,LIBYAN ARAB JAMAHIRIYA,LY,75190
2016,1,LIECHTENSTEIN,LI,2231
2016,1,LITHUANIA,LT,4857146
2016,1,LUXEMBOURG,LU,502218
2016,1,MACAU,MO,1361974
2016,1,MACEDONIA,MK,111706
2016,1,MADAGASCAR,MG,1391509
2016,1,MALAWI,MW,823717
2016,1,"MALAYSIA, PENINSULAR",MY,2440089
2016,1,MALDIVES,MV,1727
2016,1,MALI,ML,0
2016,1,MALTA,MT,4212836
2016,1,MARSHALL ISLANDS,MH,4236933
2016,1,MARTINIQUE,MQ,0
2016,1,MAURITANIA,MR,7073
2016,1,MAURITIUS,MU,131600
2016,1,MAYOTTE,YT,0
2016,1,MEXICO,MX,28193506
2016,1,MONACO,MC,0
2016,1,MONTENEGRO,ME,0
2016,1,MOROCCO,MA,2008019
2016,1,MOZAMBIQUE,MZ,319540
2016,1,NAMIBIA,NA,277445
2016,1,NAURU,NR,0
2016,1,NEPAL,NP,61529
2016,1,NETHERLANDS,NL,112575541
2016,1,NEW CALEDONIA,NC,95812
2016,1,NEW ZEALAND,NZ,52631598
2016,1,NICARAGUA,NI,52490
2016,1,NIGER,NE,0
2016,1,NIGERIA,NG,3847997
2016,1,NORTHERN MARIANA ISLANDS,MP,0
2016,1,NORWAY,NO,22173978
2016,1,OMAN,OM,14136426
2016,1,"OTHER COUNTRIES, NES.",ZZ,147795230
2016,1,PAKISTAN,PK,12418980
2016,1,PALAU,PW,0
2016,1,PALESTINE,PS,7245
2016,1,PANAMA,PA,1101346
2016,1,PAPUA NEW GUINEA,PG,9696400
2016,1,PARAGUAY,PY,3557308
2016,1,PEOPLE'S DEM. REP. LAO,LA,1894326
2016,1,PEOPLE'S REP. OF MONGOLIA,MN,45592
2016,1,PEOPLE'S REPUBLIC OF CHINA,CN,2688539729
2016,1,PERU,PE,3438824
2016,1,PHILIPPINES,PH,114068762
2016,1,POLAND,PL,17452302
2016,1,PORTUGAL,PT,2100198
2016,1,PUERTO RICO,PR,78432
2016,1,QATAR,QA,29089469
2016,1,REPUBLIC OF INDONESIA,ID,541828372
2016,1,REPUBLIC OF KOREA,KR,654912737
2016,1,REPUBLIC OF MOLDOVA,MD,588345
2016,1,REPUBLIC OF SINGAPORE,SG,1507449808
2016,1,REPUBLIC OF SOUTH AFRICA,ZA,35692941
2016,1,REPUBLIC OF SRI LANKA,LK,6074586
2016,1,REPUBLIC OF YEMEN,YE,330940
2016,1,REUNION ISLANDS,RE,101135
2016,1,ROMANIA,RO,2434789
2016,1,RUSSIAN FEDERATION,RU,44185398
2016,1,RWANDA,RW,686107
2016,1,SAINT LUCIA,LC,0
2016,1,SAINT VINCENT/GRENADINES,VC,0
2016,1,SAN MARINO,SM,307
2016,1,SAO TOME AND PRINCIPE,ST,0
2016,1,SAUDI ARABIA,SA,149374429
2016,1,SENEGAL,SN,385
2016,1,SERBIA,RS,204847
2016,1,SEYCHELLES,SC,0
2016,1,SIERRA LEONE,SL,0
2016,1,SLOVAKIA,SK,1694604
2016,1,SLOVENIA,SI,1151991
2016,1,SOCIALIST REP. OF VIET NAM,VN,347105625
2016,1,SOLOMON ISLANDS,SB,845246
2016,1,SOMALIA,SO,0
2016,1,SPAIN,ES,30508537
2016,1,SUDAN,SD,86336
2016,1,SURINAME,SR,84695
2016,1,SW,SW,138670
2016,1,SWAZILAND,SZ,1534
2016,1,SWEDEN,SE,31643368
2016,1,SWITZERLAND,CH,187089460
2016,1,SYRIAN ARAB REPUBLIC,SY,81636
2016,1,TAIWAN,TW,697574384
2016,1,TAJIKISTAN,TJ,0
2016,1,THAILAND,TH,787880525
2016,1,TIMOR LESTE,TL,13109
2016,1,TOGO,TG,342835
2016,1,TONGA,TO,0
2016,1,TRINIDAD AND TOBAGO,TT,8208
2016,1,TUNISIA,TN,596667
2016,1,TURKEY,TR,22313401
2016,1,TURKMENISTAN,TM,1250
2016,1,TUVALU,TV,0
2016,1,U.S. MINOR OUTLYING ISLANDS,UM,0
2016,1,UGANDA,UG,171349
2016,1,UKRAINE,UA,3927602
2016,1,UNION OF MYANMAR,MM,14546845
2016,1,UNITED ARAB EMIRATES,AE,171292582
2016,1,UNITED KINGDOM,GB,137473715
2016,1,UNITED REP. OF TANZANIA,TZ,18385639
2016,1,UNITED STATES OF AMERICA,US,1027583998
2016,1,URUGUAY,UY,3609039
2016,1,UZBEKISTAN,UZ,3991
2016,1,VANUATU,VU,343645
2016,1,VENEZUELA,VE,14069764
2016,1,WESTERN SAMOA,WS,0
2016,1,ZAMBIA,ZM,7814
2016,1,ZIMBABWE,ZW,439766
2016,2,AFGHANISTAN,AF,703
2016,2,ALBANIA,AL,92656
2016,2,ALGERIA,DZ,823
2016,2,AMERICAN SAMOA,AS,0
2016,2,ANDORRA,AD,0
2016,2,ANGOLA,AO,187787
2016,2,ANTIGUA & BARBUDA,AG,0
2016,2,ARGENTINA,AR,72551503
2016,2,ARMENIA,AM,0
2016,2,ARUBA,AW,1461
2016,2,AUSTRALIA,AU,221971689
2016,2,AUSTRIA,AT,38521734
2016,2,AZERBAIJAN,AZ,0
2016,2,BAHAMAS,BS,82323
2016,2,BAHRAIN,BH,7922840
2016,2,BANGLADESH,BD,14848734
2016,2,BARBADOS,BB,6005
2016,2,BELARUS,BY,802838
2016,2,BELGIUM,BE,40308104
2016,2,BELIZE,BZ,7382
2016,2,BENIN,BJ,0
2016,2,BERMUDA,BM,0
2016,2,BHUTAN,BT,659
2016,2,BOLIVIA,BO,1405086
2016,2,BOSNIA - HERZEGOVINA,BA,0
2016,2,BOTSWANA,BW,0
2016,2,BRAZIL,BR,151136652
2016,2,BRITISH INDIAN OCEAN TERR.,IO,0
2016,2,BRITISH VIRGIN ISLANDS,VG,199037
2016,2,BRUNEI DARUSSALAM,BN,13871286
2016,2,BULGARIA,BG,2053201
2016,2,BURKINA FASO,BF,1427453
2016,2,CAMBODIA,KH,11865640
2016,2,CAMEROON,CM,6014938
2016,2,CANADA,CA,62875884
2016,2,CAPE VERDE,CV,0
2016,2,CAYMAN ISLANDS,KY,0
2016,2,CENTRAL AFRICAN REPUBLIC,CF,0
2016,2,CHAD,TD,0
2016,2,CHILE,CL,3403942
2016,2,CHRISTMAS ISLAND (IND.OCEAN),CX,1548390
2016,2,COLOMBIA,CO,3869015
2016,2,COMOROS,KM,0
2016,2,CONGO,CG,1661247
2016,2,"CONGO, THE DEMOCRATIC REPUBLIC (ZAIRE)",CD,4480972
2016,2,COSTA RICA,CR,2371506
2016,2,COTE D'IVOIRE,CI,20645641
2016,2,CROATIA,HR,638941
2016,2,CUBA,CU,171727
2016,2,CURACAO,CW,38926
2016,2,CYPRUS,CY,323545
2016,2,CZECH REPUBLIC,CZ,12767254
2016,2,DEM. PEOPLE'S REP. OF KOREA,KP,7211
2016,2,DENMARK,DK,14235261
2016,2,DJIBOUTI,DJ,0
2016,2,DOMINICA,DM,1662
2016,2,DOMINICAN REPUBLIC,DO,201658
2016,2,ECUADOR,EC,5913664
2016,2,EGYPT,EG,9683169
2016,2,EL SALVADOR,SV,578
2016,2,EQUATORIAL GUINEA,GQ,0
2016,2,ESTONIA,EE,283883
2016,2,ETHIOPIA,ET,947
2016,2,FED. STATES OF MICRONESIA,FM,0
2016,2,FEDERAL REPUBLIC OF GERMANY,DE,442953315
2016,2,FIJI,FJ,323515
2016,2,FINLAND,FI,9284652
2016,2,FRANCE,FR,246106968
2016,2,FRENCH POLYNESIA,PF,0
2016,2,GABON,GA,42754
2016,2,GAMBIA,GM,0
2016,2,GEORGIA,GE,1029349
2016,2,GHANA,GH,10349825
2016,2,GIBRALTAR,GI,0
2016,2,GREECE,GR,496574
2016,2,GREENLAND,GL,7584
2016,2,GRENADA,GD,0
2016,2,GUADELOUPE,GP,0
2016,2,GUAM,GU,0
2016,2,GUATEMALA,GT,29887
2016,2,GUINEA,GN,0
2016,2,GUINEA-BISSAU,GW,0
2016,2,GUYANA,GY,70905
2016,2,HAITI,HT,2669
2016,2,HEARD AND MCDONALD ISLANDS,HM,353
2016,2,HONDURAS,HN,273537
2016,2,HONG KONG,HK,184653768
2016,2,HUNGARY,HU,13612390
2016,2,ICELAND,IS,158828
2016,2,INDIA,IN,260408720
2016,2,IRAQ,IQ,2536
2016,2,IRELAND,IE,28028071
2016,2,ISLAMIC REP. OF IRAN,IR,3070502
2016,2,ITALY,IT,81779935
2016,2,JAMAICA,JM,144240
2016,2,JAPAN,JP,1074579188
2016,2,JORDAN,JO,9725903
2016,2,KAZAKHSTAN,KZ,283128
2016,2,KENYA,KE,1006787
2016,2,KIRIBATI,KI,0
2016,2,KUWAIT,KW,2936120
2016,2,KYRGYZSTAN,KG,21
2016,2,LATVIA,LV,1539134
2016,2,LEBANON,LB,212594
2016,2,LESOTHO,LS,0
2016,2,LIBERIA,LR,824757
2016,2,LIBYAN ARAB JAMAHIRIYA,LY,1796470
2016,2,LIECHTENSTEIN,LI,4107
2016,2,LITHUANIA,LT,4929690
2016,2,LUXEMBOURG,LU,970555
2016,2,MACAU,MO,1220271
2016,2,MACEDONIA,MK,88414
2016,2,MADAGASCAR,MG,885001
2016,2,MALAWI,MW,213767
2016,2,"MALAYSIA, PENINSULAR",MY,1354696
2016,2,MALDIVES,MV,1102
2016,2,MALI,ML,2275
2016,2,MALTA,MT,3744853
2016,2,MARSHALL ISLANDS,MH,0
2016,2,MARTINIQUE,MQ,0
2016,2,MAURITANIA,MR,37389
2016,2,MAURITIUS,MU,439733
2016,2,MAYOTTE,YT,0
2016,2,MEXICO,MX,22631167
2016,2,MONTENEGRO,ME,0
2016,2,MOROCCO,MA,1900243
2016,2,MOZAMBIQUE,MZ,22424
2016,2,NAMIBIA,NA,260329
2016,2,NAURU,NR,0
2016,2,NEPAL,NP,62247
2016,2,NETHERLANDS,NL,123519111
2016,2,NEW CALEDONIA,NC,321
2016,2,NEW ZEALAND,NZ,56937155
2016,2,NICARAGUA,NI,99421
2016,2,NIGER,NE,0
2016,2,NIGERIA,NG,2288101
2016,2,NORFOLK ISLAND,NF,0
2016,2,NORTHERN MARIANA ISLANDS,MP,0
2016,2,NORWAY,NO,14192486
2016,2,OMAN,OM,47430391
2016,2,"OTHER COUNTRIES, NES.",ZZ,131205585
2016,2,PAKISTAN,PK,12821679
2016,2,PALAU,PW,0
2016,2,PALESTINE,PS,108613
2016,2,PANAMA,PA,533418
2016,2,PAPUA NEW GUINEA,PG,5592329
2016,2,PARAGUAY,PY,5427939
2016,2,PEOPLE'S DEM. REP. LAO,LA,12730
2016,2,PEOPLE'S REP. OF MONGOLIA,MN,5545
2016,2,PEOPLE'S REPUBLIC OF CHINA,CN,2118345537
2016,2,PERU,PE,6005317
2016,2,PHILIPPINES,PH,116939105
2016,2,POLAND,PL,15669228
2016,2,PORTUGAL,PT,2067668
2016,2,PUERTO RICO,PR,233484
2016,2,QATAR,QA,7128072
2016,2,REPUBLIC OF INDONESIA,ID,537382053
2016,2,REPUBLIC OF KOREA,KR,528983293
2016,2,REPUBLIC OF MOLDOVA,MD,159095
2016,2,REPUBLIC OF SINGAPORE,SG,1273649128
2016,2,REPUBLIC OF SOUTH AFRICA,ZA,28471164
2016,2,REPUBLIC OF SRI LANKA,LK,3399059
2016,2,REPUBLIC OF YEMEN,YE,69468
2016,2,REUNION ISLANDS,RE,45159
2016,2,ROMANIA,RO,2396687
2016,2,RUSSIAN FEDERATION,RU,65174278
2016,2,RWANDA,RW,1928577
2016,2,SAINT KITTS & NEVIS,KN,0
2016,2,SAINT LUCIA,LC,0
2016,2,SAINT VINCENT/GRENADINES,VC,0
2016,2,SAUDI ARABIA,SA,133967507
2016,2,SENEGAL,SN,12071
2016,2,SERBIA,RS,65155
2016,2,SEYCHELLES,SC,3374
2016,2,SIERRA LEONE,SL,0
2016,2,SLOVAKIA,SK,3250748
2016,2,SLOVENIA,SI,1655614
2016,2,SOCIALIST REP. OF VIET NAM,VN,279132622
2016,2,SOLOMON ISLANDS,SB,482138
2016,2,SOMALIA,SO,0
2016,2,SOUTH SUDAN,SS,0
2016,2,SPAIN,ES,41062257
2016,2,SUDAN,SD,100952
2016,2,SURINAME,SR,68824
2016,2,SW,SW,243006
2016,2,SWAZILAND,SZ,61468
2016,2,SWEDEN,SE,33302216
2016,2,SWITZERLAND,CH,98409035
2016,2,SYRIAN ARAB REPUBLIC,SY,0
2016,2,TAIWAN,TW,586938086
2016,2,TAJIKISTAN,TJ,0
2016,2,THAILAND,TH,763808990
2016,2,TIMOR LESTE,TL,21953
2016,2,TOGO,TG,2038
2016,2,TONGA,TO,0
2016,2,TRINIDAD AND TOBAGO,TT,25030204
2016,2,TUNISIA,TN,524538
2016,2,TURKEY,TR,18261205
2016,2,TURKMENISTAN,TM,14432
2016,2,TUVALU,TV,0
2016,2,U.S. MINOR OUTLYING ISLANDS,UM,0
2016,2,UGANDA,UG,218200
2016,2,UKRAINE,UA,11847350
2016,2,UNION OF MYANMAR,MM,13080764
2016,2,UNITED ARAB EMIRATES,AE,248923629
2016,2,UNITED KINGDOM,GB,121205021
2016,2,UNITED REP. OF TANZANIA,TZ,8189190
2016,2,UNITED STATES OF AMERICA,US,1130800563
2016,2,UNITED STATES VIRGIN ISLANDS,VI,0
2016,2,URUGUAY,UY,2433840
2016,2,UZBEKISTAN,UZ,383970
2016,2,VANUATU,VU,290653
2016,2,VENEZUELA,VE,12997909
2016,2,WALLIS AND FUTUNA ISLANDS,WF,0
2016,2,WESTERN SAMOA,WS,0
2016,2,ZAMBIA,ZM,3070580
2016,2,ZIMBABWE,ZW,398221
2016,3,AFGHANISTAN,AF,2982
2016,3,ALBANIA,AL,65215
2016,3,ALGERIA,DZ,53232
2016,3,AMERICAN SAMOA,AS,0
2016,3,ANGOLA,AO,10852
2016,3,ANGUILLA,AI,25962
2016,3,ANTIGUA & BARBUDA,AG,197985
2016,3,ARGENTINA,AR,95716744
2016,3,ARMENIA,AM,92479
2016,3,ARUBA,AW,0
2016,3,AUSTRALIA,AU,314963044
2016,3,AUSTRIA,AT,50632500
2016,3,AZERBAIJAN,AZ,48116
2016,3,BAHAMAS,BS,0
2016,3,BAHRAIN,BH,14734301
2016,3,BANGLADESH,BD,21807606
2016,3,BARBADOS,BB,2397
2016,3,BELARUS,BY,330739
2016,3,BELGIUM,BE,48324827
2016,3,BELIZE,BZ,0
2016,3,BENIN,BJ,86
2016,3,BERMUDA,BM,0
2016,3,BHUTAN,BT,7715
2016,3,BOLIVIA,BO,2830337
2016,3,BOSNIA - HERZEGOVINA,BA,0
2016,3,BOTSWANA,BW,0
2016,3,BRAZIL,BR,212359557
2016,3,BRITISH VIRGIN ISLANDS,VG,283255
2016,3,BRUNEI DARUSSALAM,BN,1946618
2016,3,BULGARIA,BG,1972455
2016,3,BURKINA FASO,BF,1434205
2016,3,CAMBODIA,KH,12758233
2016,3,CAMEROON,CM,5859477
2016,3,CANADA,CA,60696168
2016,3,CAPE VERDE,CV,0
2016,3,CAYMAN ISLANDS,KY,1263
2016,3,CENTRAL AFRICAN REPUBLIC,CF,19430
2016,3,CHAD,TD,0
2016,3,CHILE,CL,6338737
2016,3,CHRISTMAS ISLAND (IND.OCEAN),CX,0
2016,3,COLOMBIA,CO,3935073
2016,3,COMOROS,KM,0
2016,3,CONGO,CG,1300761
2016,3,"CONGO, THE DEMOCRATIC REPUBLIC (ZAIRE)",CD,1880933
2016,3,COOK ISLANDS,CK,0
2016,3,COSTA RICA,CR,1336212
2016,3,COTE D'IVOIRE,CI,30778323
2016,3,CROATIA,HR,746665
2016,3,CUBA,CU,445243
2016,3,CURACAO,CW,15503
2016,3,CYPRUS,CY,277754
2016,3,CZECH REPUBLIC,CZ,15370731
2016,3,DEM. PEOPLE'S REP. OF KOREA,KP,0
2016,3,DENMARK,DK,13573598
2016,3,DJIBOUTI,DJ,0
2016,3,DOMINICA,DM,0
2016,3,DOMINICAN REPUBLIC,DO,165816
2016,3,ECUADOR,EC,7633147
2016,3,EGYPT,EG,8030778
2016,3,EL SALVADOR,SV,61320
2016,3,EQUATORIAL GUINEA,GQ,0
2016,3,ERITREA,ER,0
2016,3,ESTONIA,EE,303529
2016,3,ETHIOPIA,ET,26578
2016,3,FED. STATES OF MICRONESIA,FM,0
2016,3,FEDERAL REPUBLIC OF GERMANY,DE,476849806
2016,3,FIJI,FJ,815
2016,3,FINLAND,FI,17059494
2016,3,FRANCE,FR,139783625
2016,3,FRENCH GUIANA,GF,0
2016,3,FRENCH POLYNESIA,PF,0
2016,3,GABON,GA,866
2016,3,GAMBIA,GM,0
2016,3,GEORGIA,GE,85439
2016,3,GHANA,GH,19807291
2016,3,GIBRALTAR,GI,0
2016,3,GREECE,GR,696372
2016,3,GREENLAND,GL,17438
2016,3,GRENADA,GD,0
2016,3,GUADELOUPE,GP,10177
2016,3,GUAM,GU,3555
2016,3,GUATEMALA,GT,17894537
2016,3,GUINEA,GN,2363058
2016,3,GUINEA-BISSAU,GW,0
2016,3,GUYANA,GY,21669
2016,3,HAITI,HT,0
2016,3,HONDURAS,HN,43271
2016,3,HONG KONG,HK,235438365
2016,3,HUNGARY,HU,13683205
2016,3,ICELAND,IS,525447
2016,3,INDIA,IN,297500290
2016,3,IRAQ,IQ,261
2016,3,IRELAND,IE,33009770
2016,3,ISLAMIC REP. OF IRAN,IR,2760504
2016,3,ITALY,IT,109862007
2016,3,JAMAICA,JM,66112
2016,3,JAPAN,JP,1242012440
2016,3,JORDAN,JO,4640207
2016,3,KAZAKHSTAN,KZ,766146
2016,3,KENYA,KE,889752
2016,3,KIRIBATI,KI,0
2016,3,KUWAIT,KW,34722237
2016,3,KYRGYZSTAN,KG,8122
2016,3,LATVIA,LV,1383401
2016,3,LEBANON,LB,976100
2016,3,LESOTHO,LS,0
2016,3,LIBERIA,LR,416401
2016,3,LIBYAN ARAB JAMAHIRIYA,LY,661523
2016,3,LIECHTENSTEIN,LI,2741
2016,3,LITHUANIA,LT,12463223
2016,3,LUXEMBOURG,LU,1786366
2016,3,MACAU,MO,898949
2016,3,MACEDONIA,MK,119125
2016,3,MADAGASCAR,MG,2337801
2016,3,MALAWI,MW,729312
2016,3,"MALAYSIA, PENINSULAR",MY,2924606
2016,3,MALDIVES,MV,13343
2016,3,MALI,ML,20
2016,3,MALTA,MT,3132827
2016,3,MARSHALL ISLANDS,MH,0
2016,3,MARTINIQUE,MQ,0
2016,3,MAURITANIA,MR,5583
2016,3,MAURITIUS,MU,125200
2016,3,MAYOTTE,YT,0
2016,3,MEXICO,MX,35647413
2016,3,MONTENEGRO,ME,241863
2016,3,MOROCCO,MA,2240983
2016,3,MOZAMBIQUE,MZ,1491645
2016,3,NAMIBIA,NA,152975
2016,3,NEPAL,NP,20396
2016,3,NETHERLANDS,NL,130671177
2016,3,NEW CALEDONIA,NC,27277
2016,3,NEW ZEALAND,NZ,60090564
2016,3,NICARAGUA,NI,51145
2016,3,NIGER,NE,0
2016,3,NIGERIA,NG,7530715
2016,3,NORFOLK ISLAND,NF,0
2016,3,NORTHERN MARIANA ISLANDS,MP,0
2016,3,NORWAY,NO,19055581
2016,3,OMAN,OM,13029625
2016,3,"OTHER COUNTRIES, NES.",ZZ,189190586
2016,3,PAKISTAN,PK,16187099
2016,3,PALAU,PW,0
2016,3,PALESTINE,PS,130018
2016,3,PANAMA,PA,1488008
2016,3,PAPUA NEW GUINEA,PG,10611071
2016,3,PARAGUAY,PY,100408
2016,3,PEOPLE'S DEM. REP. LAO,LA,2121947
2016,3,PEOPLE'S REP. OF MONGOLIA,MN,6231
2016,3,PEOPLE'S REPUBLIC OF CHINA,CN,2441598980
2016,3,PERU,PE,2823125
2016,3,PHILIPPINES,PH,125089838
2016,3,POLAND,PL,19473731
2016,3,PORTUGAL,PT,2493607
2016,3,PUERTO RICO,PR,1044597
2016,3,QATAR,QA,7965489
2016,3,REPUBLIC OF INDONESIA,ID,607535323
2016,3,REPUBLIC OF KOREA,KR,576658494
2016,3,REPUBLIC OF MOLDOVA,MD,380
2016,3,REPUBLIC OF SINGAPORE,SG,1376944507
2016,3,REPUBLIC OF SOUTH AFRICA,ZA,44730701
2016,3,REPUBLIC OF SRI LANKA,LK,4296418
2016,3,REPUBLIC OF YEMEN,YE,1133011
2016,3,REUNION ISLANDS,RE,355
2016,3,ROMANIA,RO,2676008
2016,3,RUSSIAN FEDERATION,RU,105697204
2016,3,RWANDA,RW,823469
2016,3,SAINT LUCIA,LC,0
2016,3,SAO TOME AND PRINCIPE,ST,0
2016,3,SAUDI ARABIA,SA,210593575
2016,3,SENEGAL,SN,402084
2016,3,SERBIA,RS,221529
2016,3,SEYCHELLES,SC,0
2016,3,SIERRA LEONE,SL,2217
2016,3,SLOVAKIA,SK,2244608
2016,3,SLOVENIA,SI,2324346
2016,3,SOCIALIST REP. OF VIET NAM,VN,384394172
2016,3,SOLOMON ISLANDS,SB,167779
2016,3,SOMALIA,SO,0
2016,3,SPAIN,ES,39130115
2016,3,SUDAN,SD,128262
2016,3,SURINAME,SR,39905
2016,3,SW,SW,546111
2016,3,SWAZILAND,SZ,5069
2016,3,SWEDEN,SE,32954824
2016,3,SWITZERLAND,CH,101603738
2016,3,SYRIAN ARAB REPUBLIC,SY,36318
2016,3,TAIWAN,TW,839629552
2016,3,TAJIKISTAN,TJ,0
2016,3,THAILAND,TH,934691782
2016,3,TIMOR LESTE,TL,33547
2016,3,TOGO,TG,413444
2016,3,TONGA,TO,0
2016,3,TRINIDAD AND TOBAGO,TT,66964
2016,3,TUNISIA,TN,2430943
2016,3,TURKEY,TR,25263996
2016,3,TURKMENISTAN,TM,205221
2016,3,TUVALU,TV,0
2016,3,U.S. MINOR OUTLYING ISLANDS,UM,0
2016,3,UGANDA,UG,805655
2016,3,UKRAINE,UA,3561521
2016,3,UNION OF MYANMAR,MM,24372322
2016,3,UNITED ARAB EMIRATES,AE,189268934
2016,3,UNITED KINGDOM,GB,161313295
2016,3,UNITED REP. OF TANZANIA,TZ,336260
2016,3,UNITED STATES OF AMERICA,US,1184673550
2016,3,UNITED STATES VIRGIN ISLANDS,VI,0
2016,3,URUGUAY,UY,295781
2016,3,UZBEKISTAN,UZ,410801
2016,3,VANUATU,VU,256425
2016,3,VENEZUELA,VE,13780850
2016,3,WALLIS AND FUTUNA ISLANDS,WF,0
2016,3,WESTERN SAMOA,WS,0
2016,3,ZAMBIA,ZM,608974
2016,3,ZIMBABWE,ZW,695161
2016,4,AFGHANISTAN,AF,237
2016,4,ALBANIA,AL,4300
2016,4,ALGERIA,DZ,46442
2016,4,AMERICAN SAMOA,AS,0
2016,4,ANGOLA,AO,1731
2016,4,ANGUILLA,AI,0
2016,4,ANTIGUA & BARBUDA,AG,4077
2016,4,ARGENTINA,AR,97271421
2016,4,ARMENIA,AM,0
2016,4,ARUBA,AW,0
2016,4,AUSTRALIA,AU,311054953
2016,4,AUSTRIA,AT,41652961
2016,4,AZERBAIJAN,AZ,0
2016,4,BAHAMAS,BS,0
2016,4,BAHRAIN,BH,6937796
2016,4,BANGLADESH,BD,18534806
2016,4,BARBADOS,BB,4528
2016,4,BELARUS,BY,3379392
2016,4,BELGIUM,BE,50336769
2016,4,BELIZE,BZ,0
2016,4,BENIN,BJ,0
2016,4,BERMUDA,BM,0
2016,4,BHUTAN,BT,7693
2016,4,BOLIVIA,BO,3002829
2016,4,BOSNIA - HERZEGOVINA,BA,418
2016,4,BOTSWANA,BW,0
2016,4,BRAZIL,BR,91164561
2016,4,BRITISH VIRGIN ISLANDS,VG,145385
2016,4,BRUNEI DARUSSALAM,BN,32166354
2016,4,BULGARIA,BG,3787411
2016,4,BURKINA FASO,BF,475616
2016,4,BURUNDI,BI,0
2016,4,CAMBODIA,KH,6992555
2016,4,CAMEROON,CM,6658587
2016,4,CANADA,CA,67536978
2016,4,CAPE VERDE,CV,0
2016,4,CAYMAN ISLANDS,KY,0
2016,4,CENTRAL AFRICAN REPUBLIC,CF,110278
2016,4,CHILE,CL,5640215
2016,4,CHRISTMAS ISLAND (IND.OCEAN),CX,796099
2016,4,COLOMBIA,CO,2010613
2016,4,COMOROS,KM,0
2016,4,CONGO,CG,3774123
2016,4,"CONGO, THE DEMOCRATIC REPUBLIC (ZAIRE)",CD,3100884
2016,4,COOK ISLANDS,CK,0
2016,4,COSTA RICA,CR,1927644
2016,4,COTE D'IVOIRE,CI,20257000
2016,4,CROATIA,HR,385272
2016,4,CUBA,CU,36848
2016,4,CURACAO,CW,46405
2016,4,CYPRUS,CY,6277143
2016,4,CZECH REPUBLIC,CZ,20430267
2016,4,DEM. PEOPLE'S REP. OF KOREA,KP,1713374
2016,4,DENMARK,DK,18589070
2016,4,DJIBOUTI,DJ,87299
2016,4,DOMINICA,DM,0
2016,4,DOMINICAN REPUBLIC,DO,276999
2016,4,ECUADOR,EC,1972720
2016,4,EGYPT,EG,8059623
2016,4,EL SALVADOR,SV,319644
2016,4,EQUATORIAL GUINEA,GQ,0
2016,4,ERITREA,ER,0
2016,4,ESTONIA,EE,225151
2016,4,ETHIOPIA,ET,10221
2016,4,FED. STATES OF MICRONESIA,FM,1816
2016,4,FEDERAL REPUBLIC OF GERMANY,DE,498742452
2016,4,FIJI,FJ,68462
2016,4,FINLAND,FI,12954558
2016,4,FRANCE,FR,159028926
2016,4,FRENCH GUIANA,GF,0
2016,4,FRENCH POLYNESIA,PF,0
2016,4,GABON,GA,2525222
2016,4,GAMBIA,GM,0
2016,4,GEORGIA,GE,174455
2016,4,GHANA,GH,20517350
2016,4,GIBRALTAR,GI,0
2016,4,GREECE,GR,10683553
2016,4,GRENADA,GD,0
2016,4,GUADELOUPE,GP,0
2016,4,GUAM,GU,25863
2016,4,GUATEMALA,GT,18645761
2016,4,GUINEA,GN,1092
2016,4,GUINEA-BISSAU,GW,0
2016,4,GUYANA,GY,57630
2016,4,HAITI,HT,57206
2016,4,HONDURAS,HN,197380
2016,4,HONG KONG,HK,269718257
2016,4,HUNGARY,HU,9990529
2016,4,ICELAND,IS,359782
2016,4,INDIA,IN,256107434
2016,4,IRAQ,IQ,0
2016,4,IRELAND,IE,31366260
2016,4,ISLAMIC REP. OF IRAN,IR,3528004
2016,4,ITALY,IT,95748759
2016,4,JAMAICA,JM,0
2016,4,JAPAN,JP,1177036733
2016,4,JORDAN,JO,6517722
2016,4,KAZAKHSTAN,KZ,159302
2016,4,KENYA,KE,440533
2016,4,KIRIBATI,KI,0
2016,4,KUWAIT,KW,36381876
2016,4,KYRGYZSTAN,KG,35004
2016,4,LATVIA,LV,733514
2016,4,LEBANON,LB,459187
2016,4,LESOTHO,LS,0
2016,4,LIBERIA,LR,745360
2016,4,LIBYAN ARAB JAMAHIRIYA,LY,106489
2016,4,LIECHTENSTEIN,LI,20935
2016,4,LITHUANIA,LT,4434192
2016,4,LUXEMBOURG,LU,1653365
2016,4,MACAU,MO,742573
2016,4,MACEDONIA,MK,283092
2016,4,MADAGASCAR,MG,961358
2016,4,MALAWI,MW,657133
2016,4,"MALAYSIA, PENINSULAR",MY,1764256
2016,4,MALDIVES,MV,12774
2016,4,MALI,ML,0
2016,4,MALTA,MT,4274897
2016,4,MARSHALL ISLANDS,MH,0
2016,4,MARTINIQUE,MQ,0
2016,4,MAURITANIA,MR,35241
2016,4,MAURITIUS,MU,513272
2016,4,MAYOTTE,YT,0
2016,4,MEXICO,MX,24316231
2016,4,MONACO,MC,0
2016,4,MONTENEGRO,ME,2925
2016,4,MOROCCO,MA,1991761
2016,4,MOZAMBIQUE,MZ,349020
2016,4,NAMIBIA,NA,337842
2016,4,NAURU,NR,0
2016,4,NEPAL,NP,19728
2016,4,NETHERLANDS,NL,154364350
2016,4,NEW CALEDONIA,NC,0
2016,4,NEW ZEALAND,NZ,51235381
2016,4,NICARAGUA,NI,69258
2016,4,NIGER,NE,0
2016,4,NIGERIA,NG,6367461
2016,4,NORFOLK ISLAND,NF,52638
2016,4,NORTHERN MARIANA ISLANDS,MP,428
2016,4,NORWAY,NO,39905731
2016,4,OMAN,OM,11173991
2016,4,"OTHER COUNTRIES, NES.",ZZ,136090117
2016,4,PAKISTAN,PK,21177577
2016,4,PALAU,PW,0
2016,4,PALESTINE,PS,14356
2016,4,PANAMA,PA,45514
2016,4,PAPUA NEW GUINEA,PG,3125434
2016,4,PARAGUAY,PY,1798
2016,4,PEOPLE'S DEM. REP. LAO,LA,252349
2016,4,PEOPLE'S REP. OF MONGOLIA,MN,4081
2016,4,PEOPLE'S REPUBLIC OF CHINA,CN,2767972926
2016,4,PERU,PE,1772062
2016,4,PHILIPPINES,PH,136573637
2016,4,POLAND,PL,13746493
2016,4,PORTUGAL,PT,3477004
2016,4,PUERTO RICO,PR,549785
2016,4,QATAR,QA,11365581
2016,4,REPUBLIC OF INDONESIA,ID,617180683
2016,4,REPUBLIC OF KOREA,KR,619332031
2016,4,REPUBLIC OF MOLDOVA,MD,290722
2016,4,REPUBLIC OF SINGAPORE,SG,1388198618
2016,4,REPUBLIC OF SOUTH AFRICA,ZA,27408897
2016,4,REPUBLIC OF SRI LANKA,LK,3903783
2016,4,REPUBLIC OF YEMEN,YE,881989
2016,4,REUNION ISLANDS,RE,0
2016,4,ROMANIA,RO,2385376
2016,4,RUSSIAN FEDERATION,RU,68454577
2016,4,RWANDA,RW,712600
2016,4,SAINT KITTS & NEVIS,KN,0
2016,4,SAINT LUCIA,LC,0
2016,4,SAINT VINCENT/GRENADINES,VC,0
2016,4,SAO TOME AND PRINCIPE,ST,0
2016,4,SAUDI ARABIA,SA,212331591
2016,4,SENEGAL,SN,3162723
2016,4,SERBIA,RS,520832
2016,4,SEYCHELLES,SC,45489
2016,4,SIERRA LEONE,SL,0
2016,4,SLOVAKIA,SK,3601169
2016,4,SLOVENIA,SI,2321285
2016,4,SOCIALIST REP. OF VIET NAM,VN,248200417
2016,4,SOLOMON ISLANDS,SB,59979
2016,4,SOMALIA,SO,0
2016,4,SPAIN,ES,33385947
2016,4,SUDAN,SD,36822
2016,4,SURINAME,SR,61782
2016,4,SW,SW,1715802
2016,4,SWAZILAND,SZ,0
2016,4,SWEDEN,SE,35835164
2016,4,SWITZERLAND,CH,96460843
2016,4,SYRIAN ARAB REPUBLIC,SY,0
2016,4,TAIWAN,TW,793614657
2016,4,TAJIKISTAN,TJ,0
2016,4,THAILAND,TH,843203150
2016,4,TIMOR LESTE,TL,32156
2016,4,TOGO,TG,0
2016,4,TOKELAU,TK,25473
2016,4,TONGA,TO,2754
2016,4,TRINIDAD AND TOBAGO,TT,4810
2016,4,TUNISIA,TN,5283650
2016,4,TURKEY,TR,20617625
2016,4,TURKMENISTAN,TM,1088
2016,4,TUVALU,TV,0
2016,4,U.S. MINOR OUTLYING ISLANDS,UM,0
2016,4,UGANDA,UG,2728814
2016,4,UKRAINE,UA,4756750
2016,4,UNION OF MYANMAR,MM,14400694
2016,4,UNITED ARAB EMIRATES,AE,175116697
2016,4,UNITED KINGDOM,GB,139060136
2016,4,UNITED REP. OF TANZANIA,TZ,7911293
2016,4,UNITED STATES OF AMERICA,US,1148798267
2016,4,URUGUAY,UY,810962
2016,4,UZBEKISTAN,UZ,0
2016,4,VANUATU,VU,20181
2016,4,VENEZUELA,VE,15759669
2016,4,WESTERN SAMOA,WS,0
2016,4,ZAMBIA,ZM,125274
2016,4,ZIMBABWE,ZW,317518
2016,5,AFGHANISTAN,AF,31773
2016,5,ALBANIA,AL,63337
2016,5,ALGERIA,DZ,100887
2016,5,AMERICAN SAMOA,AS,20771
2016,5,ANDORRA,AD,882
2016,5,ANGOLA,AO,30939
2016,5,ANGUILLA,AI,0
2016,5,ANTIGUA & BARBUDA,AG,16820
2016,5,ARGENTINA,AR,36429202
2016,5,ARMENIA,AM,0
2016,5,ARUBA,AW,0
2016,5,AUSTRALIA,AU,335115065
2016,5,AUSTRIA,AT,50697208
2016,5,AZERBAIJAN,AZ,0
2016,5,BAHAMAS,BS,0
2016,5,BAHRAIN,BH,30199108
2016,5,BANGLADESH,BD,16755738
2016,5,BARBADOS,BB,3460
2016,5,BELARUS,BY,4762635
2016,5,BELGIUM,BE,101149614
2016,5,BELIZE,BZ,0
2016,5,BENIN,BJ,13278
2016,5,BERMUDA,BM,0
2016,5,BHUTAN,BT,270
2016,5,BOLIVIA,BO,841645
2016,5,BOSNIA - HERZEGOVINA,BA,3173
2016,5,BOTSWANA,BW,0
2016,5,BRAZIL,BR,66587192
2016,5,BRITISH VIRGIN ISLANDS,VG,120321
2016,5,BRUNEI DARUSSALAM,BN,23515462
2016,5,BULGARIA,BG,2001621
2016,5,BURKINA FASO,BF,295770
2016,5,CAMBODIA,KH,10647224
2016,5,CAMEROON,CM,3904574
2016,5,CANADA,CA,70043078
2016,5,CAPE VERDE,CV,0
2016,5,CAYMAN ISLANDS,KY,0
2016,5,CENTRAL AFRICAN REPUBLIC,CF,0
2016,5,CHAD,TD,0
2016,5,CHILE,CL,11392618
2016,5,CHRISTMAS ISLAND (IND.OCEAN),CX,0
2016,5,COLOMBIA,CO,1139859
2016,5,COMOROS,KM,0
2016,5,CONGO,CG,857919
2016,5,"CONGO, THE DEMOCRATIC REPUBLIC (ZAIRE)",CD,3786231
2016,5,COOK ISLANDS,CK,0
2016,5,COSTA RICA,CR,1406829
2016,5,COTE D'IVOIRE,CI,25069548
2016,5,CROATIA,HR,3532986
2016,5,CUBA,CU,177033
2016,5,CURACAO,CW,0
2016,5,CYPRUS,CY,2559587
2016,5,CZECH REPUBLIC,CZ,19251452
2016,5,DEM. PEOPLE'S REP. OF KOREA,KP,44257
2016,5,DENMARK,DK,17256351
2016,5,DJIBOUTI,DJ,0
2016,5,DOMINICA,DM,0
2016,5,DOMINICAN REPUBLIC,DO,96280
2016,5,ECUADOR,EC,3647565
2016,5,EGYPT,EG,7610478
2016,5,EL SALVADOR,SV,161132
2016,5,EQUATORIAL GUINEA,GQ,0
2016,5,ERITREA,ER,0
2016,5,ESTONIA,EE,907703
2016,5,ETHIOPIA,ET,341522
2016,5,FED. STATES OF MICRONESIA,FM,8438
2016,5,FEDERAL REPUBLIC OF GERMANY,DE,471104322
2016,5,FIJI,FJ,116999
2016,5,FINLAND,FI,13492900
2016,5,FRANCE,FR,433127673
2016,5,FRENCH GUIANA,GF,0
2016,5,FRENCH POLYNESIA,PF,0
2016,5,GABON,GA,25679877
2016,5,GAMBIA,GM,0
2016,5,GEORGIA,GE,104284
2016,5,GHANA,GH,22904357
2016,5,GIBRALTAR,GI,0
2016,5,GREECE,GR,559089
2016,5,GREENLAND,GL,7421
2016,5,GRENADA,GD,0
2016,5,GUADELOUPE,GP,0
2016,5,GUAM,GU,10983
2016,5,GUATEMALA,GT,125290
2016,5,GUINEA,GN,207488
2016,5,GUINEA-BISSAU,GW,0
2016,5,GUYANA,GY,93020
2016,5,HAITI,HT,2055
2016,5,HONDURAS,HN,33030
2016,5,HONG KONG,HK,264430355
2016,5,HUNGARY,HU,12196022
2016,5,ICELAND,IS,154591
2016,5,INDIA,IN,300388422
2016,5,IRAQ,IQ,56562
2016,5,IRELAND,IE,50118032
2016,5,ISLAMIC REP. OF IRAN,IR,4034330
2016,5,ITALY,IT,135613773
2016,5,JAMAICA,JM,7310
2016,5,JAPAN,JP,1024259595
2016,5,JORDAN,JO,1232139
2016,5,KAZAKHSTAN,KZ,1301
2016,5,KENYA,KE,798256
2016,5,KIRIBATI,KI,0
2016,5,KUWAIT,KW,16349442
2016,5,KYRGYZSTAN,KG,0
2016,5,LATVIA,LV,492818
2016,5,LEBANON,LB,1774155
2016,5,LESOTHO,LS,21998
2016,5,LIBERIA,LR,1742
2016,5,LIBYAN ARAB JAMAHIRIYA,LY,158190
2016,5,LIECHTENSTEIN,LI,6490
2016,5,LITHUANIA,LT,6730219
2016,5,LUXEMBOURG,LU,4026759
2016,5,MACAU,MO,1037829
2016,5,MACEDONIA,MK,230052
2016,5,MADAGASCAR,MG,561601
2016,5,MALAWI,MW,351234
2016,5,"MALAYSIA, PENINSULAR",MY,1408380
2016,5,MALDIVES,MV,5935
2016,5,MALI,ML,10124
2016,5,MALTA,MT,2548776
2016,5,MARSHALL ISLANDS,MH,0
2016,5,MARTINIQUE,MQ,0
2016,5,MAURITANIA,MR,668
2016,5,MAURITIUS,MU,158964
2016,5,MAYOTTE,YT,0
2016,5,MEXICO,MX,29811057
2016,5,MONACO,MC,2324
2016,5,MONTENEGRO,ME,12935
2016,5,MOROCCO,MA,1614007
2016,5,MOZAMBIQUE,MZ,85395
2016,5,NAMIBIA,NA,0
2016,5,NEPAL,NP,60310
2016,5,NETHERLANDS,NL,162666757
2016,5,NEW CALEDONIA,NC,5035
2016,5,NEW ZEALAND,NZ,60611898
2016,5,NICARAGUA,NI,51833
2016,5,NIGER,NE,0
2016,5,NIGERIA,NG,7120393
2016,5,NORFOLK ISLAND,NF,0
2016,5,NORTHERN MARIANA ISLANDS,MP,0
2016,5,NORWAY,NO,14542134
2016,5,OMAN,OM,19987501
2016,5,"OTHER COUNTRIES, NES.",ZZ,101714148
2016,5,PAKISTAN,PK,15999055
2016,5,PALAU,PW,0
2016,5,PALESTINE,PS,10047
2016,5,PANAMA,PA,97815
2016,5,PAPUA NEW GUINEA,PG,7199631
2016,5,PARAGUAY,PY,1485705
2016,5,PEOPLE'S DEM. REP. LAO,LA,364654
2016,5,PEOPLE'S REP. OF MONGOLIA,MN,3848
2016,5,PEOPLE'S REPUBLIC OF CHINA,CN,2959664158
2016,5,PERU,PE,3783676
2016,5,PHILIPPINES,PH,123431004
2016,5,POLAND,PL,16921798
2016,5,PORTUGAL,PT,3384521
2016,5,PUERTO RICO,PR,688918
2016,5,QATAR,QA,27496396
2016,5,REPUBLIC OF INDONESIA,ID,545120275
2016,5,REPUBLIC OF KOREA,KR,727267626
2016,5,REPUBLIC OF MOLDOVA,MD,334934
2016,5,REPUBLIC OF SINGAPORE,SG,1372566851
2016,5,REPUBLIC OF SOUTH AFRICA,ZA,37841072
2016,5,REPUBLIC OF SRI LANKA,LK,3975610
2016,5,REPUBLIC OF YEMEN,YE,1140267
2016,5,REUNION ISLANDS,RE,0
2016,5,ROMANIA,RO,1661769
2016,5,RUSSIAN FEDERATION,RU,46227620
2016,5,RWANDA,RW,1963129
2016,5,SAINT KITTS & NEVIS,KN,0
2016,5,SAINT LUCIA,LC,0
2016,5,SAINT VINCENT/GRENADINES,VC,0
2016,5,SAO TOME AND PRINCIPE,ST,0
2016,5,SAUDI ARABIA,SA,219877441
2016,5,SENEGAL,SN,254790
2016,5,SERBIA,RS,158059
2016,5,SEYCHELLES,SC,298
2016,5,SIERRA LEONE,SL,0
2016,5,SLOVAKIA,SK,2604343
2016,5,SLOVENIA,SI,2365965
2016,5,SOCIALIST REP. OF VIET NAM,VN,349859205
2016,5,SOLOMON ISLANDS,SB,1850858
2016,5,SOMALIA,SO,0
2016,5,SPAIN,ES,42327708
2016,5,SUDAN,SD,61079
2016,5,SURINAME,SR,47078
2016,5,SWAZILAND,SZ,71251
2016,5,SWEDEN,SE,44729347
2016,5,SWITZERLAND,CH,144848345
2016,5,SYRIAN ARAB REPUBLIC,SY,25294
2016,5,TAIWAN,TW,827029746
2016,5,TAJIKISTAN,TJ,0
2016,5,THAILAND,TH,876145593
2016,5,TIMOR LESTE,TL,6558
2016,5,TOGO,TG,5679
2016,5,TONGA,TO,0
2016,5,TRINIDAD AND TOBAGO,TT,6658
2016,5,TUNISIA,TN,6924746
2016,5,TURKEY,TR,18884315
2016,5,TURKMENISTAN,TM,5156
2016,5,TURKS AND CAICOS ISLANDS,TC,0
2016,5,TUVALU,TV,1091
2016,5,U.S. MINOR OUTLYING ISLANDS,UM,0
2016,5,UGANDA,UG,6115055
2016,5,UKRAINE,UA,7558498
2016,5,UNION OF MYANMAR,MM,20824832
2016,5,UNITED ARAB EMIRATES,AE,185310923
2016,5,UNITED KINGDOM,GB,130688807
2016,5,UNITED REP. OF TANZANIA,TZ,1290892
2016,5,UNITED STATES OF AMERICA,US,1168632987
2016,5,UNITED STATES VIRGIN ISLANDS,VI,610
2016,5,URUGUAY,UY,403569
2016,5,UZBEKISTAN,UZ,20660
2016,5,VANUATU,VU,255827
2016,5,VENEZUELA,VE,18250552
2016,5,WESTERN SAMOA,WS,164583
2016,5,ZAMBIA,ZM,302394
2016,5,ZIMBABWE,ZW,2200
2016,6,AFGHANISTAN,AF,2604
2016,6,ALBANIA,AL,25349
2016,6,ALGERIA,DZ,96747
2016,6,AMERICAN SAMOA,AS,0
2016,6,ANDORRA,AD,0
2016,6,ANGOLA,AO,59634
2016,6,ANTIGUA & BARBUDA,AG,0
2016,6,ARGENTINA,AR,103244884
2016,6,ARMENIA,AM,8361
2016,6,ARUBA,AW,0
2016,6,AUSTRALIA,AU,320865885
2016,6,AUSTRIA,AT,53102663
2016,6,AZERBAIJAN,AZ,32512
2016,6,BAHAMAS,BS,7048
2016,6,BAHRAIN,BH,2812351
2016,6,BANGLADESH,BD,19622759
2016,6,BARBADOS,BB,4847
2016,6,BELARUS,BY,2831799
2016,6,BELGIUM,BE,60048915
2016,6,BELIZE,BZ,20748
2016,6,BENIN,BJ,0
2016,6,BERMUDA,BM,0
2016,6,BHUTAN,BT,0
2016,6,BOLIVIA,BO,1322644
2016,6,BOSNIA - HERZEGOVINA,BA,6047
2016,6,BOTSWANA,BW,0
2016,6,BRAZIL,BR,139246112
2016,6,BRITISH INDIAN OCEAN TERR.,IO,0
2016,6,BRITISH VIRGIN ISLANDS,VG,105990
2016,6,BRUNEI DARUSSALAM,BN,17536627
2016,6,BULGARIA,BG,2614344
2016,6,BURKINA FASO,BF,0
2016,6,CAMBODIA,KH,12023599
2016,6,CAMEROON,CM,6061119
2016,6,CANADA,CA,50645183
2016,6,CAPE VERDE,CV,0
2016,6,CAYMAN ISLANDS,KY,0
2016,6,CENTRAL AFRICAN REPUBLIC,CF,0
2016,6,CHAD,TD,0
2016,6,CHILE,CL,4945923
2016,6,CHRISTMAS ISLAND (IND.OCEAN),CX,741277
2016,6,COLOMBIA,CO,2511332
2016,6,COMOROS,KM,0
2016,6,CONGO,CG,3684018
2016,6,"CONGO, THE DEMOCRATIC REPUBLIC (ZAIRE)",CD,5068603
2016,6,COSTA RICA,CR,2311701
2016,6,COTE D'IVOIRE,CI,9262398
2016,6,CROATIA,HR,220344
2016,6,CUBA,CU,181116
2016,6,CURACAO,CW,4402
2016,6,CYPRUS,CY,509013
2016,6,CZECH REPUBLIC,CZ,16124264
2016,6,DEM. PEOPLE'S REP. OF KOREA,KP,209488
2016,6,DENMARK,DK,17939384
2016,6,DJIBOUTI,DJ,0
2016,6,DOMINICA,DM,0
2016,6,DOMINICAN REPUBLIC,DO,90078
2016,6,ECUADOR,EC,5909532
2016,6,EGYPT,EG,25024599
2016,6,EL SALVADOR,SV,0
2016,6,EQUATORIAL GUINEA,GQ,0
2016,6,ESTONIA,EE,641745
2016,6,ETHIOPIA,ET,13361
2016,6,FED. STATES OF MICRONESIA,FM,0
2016,6,FEDERAL REPUBLIC OF GERMANY,DE,483866340
2016,6,FIJI,FJ,26267
2016,6,FINLAND,FI,15496658
2016,6,FRANCE,FR,117007372
2016,6,FRENCH POLYNESIA,PF,0
2016,6,GABON,GA,27514
2016,6,GAMBIA,GM,0
2016,6,GEORGIA,GE,578274
2016,6,GHANA,GH,14950425
2016,6,GIBRALTAR,GI,0
2016,6,GREECE,GR,1316098
2016,6,GREENLAND,GL,2370
2016,6,GRENADA,GD,93426
2016,6,GUADELOUPE,GP,16258
2016,6,GUAM,GU,4666
2016,6,GUATEMALA,GT,1828224
2016,6,GUINEA,GN,0
2016,6,GUINEA-BISSAU,GW,0
2016,6,GUYANA,GY,74607
2016,6,HAITI,HT,2623
2016,6,HONDURAS,HN,60596
2016,6,HONG KONG,HK,234167414
2016,6,HUNGARY,HU,14835464
2016,6,ICELAND,IS,16970
2016,6,INDIA,IN,277290863
2016,6,IRAQ,IQ,381136
2016,6,IRELAND,IE,53108316
2016,6,ISLAMIC REP. OF IRAN,IR,2515991
2016,6,ITALY,IT,138947453
2016,6,JAMAICA,JM,33370
2016,6,JAPAN,JP,1220115112
2016,6,JORDAN,JO,9589956
2016,6,KAZAKHSTAN,KZ,608892
2016,6,KENYA,KE,785392
2016,6,KIRIBATI,KI,0
2016,6,KUWAIT,KW,35677280
2016,6,KYRGYZSTAN,KG,0
2016,6,LATVIA,LV,3623799
2016,6,LEBANON,LB,521634
2016,6,LESOTHO,LS,1958
2016,6,LIBERIA,LR,306281
2016,6,LIBYAN ARAB JAMAHIRIYA,LY,86098
2016,6,LIECHTENSTEIN,LI,31770
2016,6,LITHUANIA,LT,1690383
2016,6,LUXEMBOURG,LU,1029492
2016,6,MACAU,MO,1253267
2016,6,MACEDONIA,MK,188918
2016,6,MADAGASCAR,MG,558184
2016,6,MALAWI,MW,805511
2016,6,"MALAYSIA, PENINSULAR",MY,1264575
2016,6,MALDIVES,MV,1435
2016,6,MALI,ML,0
2016,6,MALTA,MT,2916536
2016,6,MARSHALL ISLANDS,MH,0
2016,6,MARTINIQUE,MQ,0
2016,6,MAURITANIA,MR,393
2016,6,MAURITIUS,MU,125143
2016,6,MAYOTTE,YT,0
2016,6,MEXICO,MX,28567108
2016,6,MONACO,MC,115
2016,6,MONTENEGRO,ME,0
2016,6,MOROCCO,MA,1844071
2016,6,MOZAMBIQUE,MZ,462392
2016,6,NAMIBIA,NA,65484
2016,6,NEPAL,NP,53411
2016,6,NETHERLANDS,NL,151858655
2016,6,NEW CALEDONIA,NC,0
2016,6,NEW ZEALAND,NZ,54199274
2016,6,NICARAGUA,NI,79306
2016,6,NIGER,NE,0
2016,6,NIGERIA,NG,11280738
2016,6,NORFOLK ISLAND,NF,0
2016,6,NORTHERN MARIANA ISLANDS,MP,0
2016,6,NORWAY,NO,11372916
2016,6,OMAN,OM,15036892
2016,6,"OTHER COUNTRIES, NES.",ZZ,175696573
2016,6,PAKISTAN,PK,13924497
2016,6,PALAU,PW,0
2016,6,PALESTINE,PS,11561
2016,6,PANAMA,PA,401686
2016,6,PAPUA NEW GUINEA,PG,12739544
2016,6,PARAGUAY,PY,1906967
2016,6,PEOPLE'S DEM. REP. LAO,LA,464223
2016,6,PEOPLE'S REP. OF MONGOLIA,MN,906
2016,6,PEOPLE'S REPUBLIC OF CHINA,CN,3236289669
2016,6,PERU,PE,7385567
2016,6,PHILIPPINES,PH,135825087
2016,6,POLAND,PL,15064285
2016,6,PORTUGAL,PT,2657680
2016,6,PUERTO RICO,PR,275525
2016,6,QATAR,QA,30469557
2016,6,REPUBLIC OF INDONESIA,ID,605708649
2016,6,REPUBLIC OF KOREA,KR,672025557
2016,6,REPUBLIC OF MOLDOVA,MD,485478
2016,6,REPUBLIC OF SINGAPORE,SG,1665229749
2016,6,REPUBLIC OF SOUTH AFRICA,ZA,43361704
2016,6,REPUBLIC OF SRI LANKA,LK,8545876
2016,6,REPUBLIC OF YEMEN,YE,819658
2016,6,REUNION ISLANDS,RE,0
2016,6,ROMANIA,RO,2078895
2016,6,RUSSIAN FEDERATION,RU,122132902
2016,6,RWANDA,RW,1403865
2016,6,SAINT LUCIA,LC,0
2016,6,SAUDI ARABIA,SA,234811675
2016,6,SENEGAL,SN,0
2016,6,SERBIA,RS,80697
2016,6,SEYCHELLES,SC,36982
2016,6,SIERRA LEONE,SL,2273
2016,6,SINT MAARTEN (DUTCH PART),SX,0
2016,6,SLOVAKIA,SK,2389216
2016,6,SLOVENIA,SI,1520146
2016,6,SOCIALIST REP. OF VIET NAM,VN,452422506
2016,6,SOLOMON ISLANDS,SB,1832828
2016,6,SOMALIA,SO,0
2016,6,SPAIN,ES,40704034
2016,6,SUDAN,SD,36702
2016,6,SURINAME,SR,44728
2016,6,SWAZILAND,SZ,3084
2016,6,SWEDEN,SE,44530356
2016,6,SWITZERLAND,CH,131850851
2016,6,SYRIAN ARAB REPUBLIC,SY,15061
2016,6,TAIWAN,TW,854475158
2016,6,TAJIKISTAN,TJ,1925
2016,6,THAILAND,TH,854026088
2016,6,TIMOR LESTE,TL,38339
2016,6,TOGO,TG,0
2016,6,TOKELAU,TK,3786
2016,6,TONGA,TO,0
2016,6,TRINIDAD AND TOBAGO,TT,72640
2016,6,TUNISIA,TN,1183759
2016,6,TURKEY,TR,35780698
2016,6,TURKMENISTAN,TM,1856
2016,6,TUVALU,TV,2779
2016,6,U.S. MINOR OUTLYING ISLANDS,UM,0
2016,6,UGANDA,UG,4383710
2016,6,UKRAINE,UA,5560599
2016,6,UNION OF MYANMAR,MM,16754431
2016,6,UNITED ARAB EMIRATES,AE,219530373
2016,6,UNITED KINGDOM,GB,143218975
2016,6,UNITED REP. OF TANZANIA,TZ,30763860
2016,6,UNITED STATES OF AMERICA,US,1244753884
2016,6,UNITED STATES VIRGIN ISLANDS,VI,136582
2016,6,URUGUAY,UY,2621517
2016,6,UZBEKISTAN,UZ,72910
2016,6,VANUATU,VU,106910
2016,6,VENEZUELA,VE,27178848
2016,6,WESTERN SAMOA,WS,0
2016,6,ZAMBIA,ZM,569239
2016,6,ZIMBABWE,ZW,205830
2016,7,AFGHANISTAN,AF,4951
2016,7,ALBANIA,AL,21406
2016,7,ALGERIA,DZ,472405
2016,7,AMERICAN SAMOA,AS,0
2016,7,ANDORRA,AD,0
2016,7,ANGOLA,AO,215189
2016,7,ANTIGUA & BARBUDA,AG,0
2016,7,ARGENTINA,AR,72053450
2016,7,ARMENIA,AM,2399
2016,7,ARUBA,AW,1359
2016,7,AUSTRALIA,AU,233069262
2016,7,AUSTRIA,AT,43613242
2016,7,AZERBAIJAN,AZ,1805
2016,7,BAHAMAS,BS,2183
2016,7,BAHRAIN,BH,1959410
2016,7,BANGLADESH,BD,13084999
2016,7,BARBADOS,BB,11165
2016,7,BELARUS,BY,5976450
2016,7,BELGIUM,BE,45936269
2016,7,BELIZE,BZ,0
2016,7,BENIN,BJ,0
2016,7,BERMUDA,BM,0
2016,7,BHUTAN,BT,1523
2016,7,BOLIVIA,BO,447505
2016,7,BOSNIA - HERZEGOVINA,BA,0
2016,7,BOTSWANA,BW,0
2016,7,BRAZIL,BR,150131172
2016,7,BRITISH VIRGIN ISLANDS,VG,0
2016,7,BRUNEI DARUSSALAM,BN,4068111
2016,7,BULGARIA,BG,2525391
2016,7,BURKINA FASO,BF,891320
2016,7,BURUNDI,BI,0
2016,7,CAMBODIA,KH,8126344
2016,7,CAMEROON,CM,5980656
2016,7,CANADA,CA,45201004
2016,7,CAPE VERDE,CV,0
2016,7,CAYMAN ISLANDS,KY,0
2016,7,CENTRAL AFRICAN REPUBLIC,CF,21390
2016,7,CHAD,TD,0
2016,7,CHILE,CL,2887808
2016,7,CHRISTMAS ISLAND (IND.OCEAN),CX,572316
2016,7,COLOMBIA,CO,664565
2016,7,COMOROS,KM,0
2016,7,CONGO,CG,795208
2016,7,"CONGO, THE DEMOCRATIC REPUBLIC (ZAIRE)",CD,6048701
2016,7,COOK ISLANDS,CK,0
2016,7,COSTA RICA,CR,1661011
2016,7,COTE D'IVOIRE,CI,15196486
2016,7,CROATIA,HR,872451
2016,7,CUBA,CU,225373
2016,7,CURACAO,CW,19294
2016,7,CYPRUS,CY,202009
2016,7,CZECH REPUBLIC,CZ,16885691
2016,7,DEM. PEOPLE'S REP. OF KOREA,KP,64975
2016,7,DENMARK,DK,19475460
2016,7,DJIBOUTI,DJ,0
2016,7,DOMINICA,DM,0
2016,7,DOMINICAN REPUBLIC,DO,777465
2016,7,ECUADOR,EC,2621523
2016,7,EGYPT,EG,16959285
2016,7,EL SALVADOR,SV,143137
2016,7,EQUATORIAL GUINEA,GQ,0
2016,7,ERITREA,ER,0
2016,7,ESTONIA,EE,364882
2016,7,ETHIOPIA,ET,70969
2016,7,FED. STATES OF MICRONESIA,FM,0
2016,7,FEDERAL REPUBLIC OF GERMANY,DE,512369614
2016,7,FIJI,FJ,238964
2016,7,FINLAND,FI,14745936
2016,7,FRANCE,FR,167781675
2016,7,FRENCH GUIANA,GF,0
2016,7,FRENCH POLYNESIA,PF,0
2016,7,FRENCH SOUTHERN TERR.,TF,0
2016,7,GABON,GA,69348
2016,7,GAMBIA,GM,0
2016,7,GEORGIA,GE,511914
2016,7,GHANA,GH,17555378
2016,7,GIBRALTAR,GI,0
2016,7,GREECE,GR,1091964
2016,7,GRENADA,GD,15317
2016,7,GUADELOUPE,GP,3377
2016,7,GUAM,GU,510
2016,7,GUATEMALA,GT,1650853
2016,7,GUINEA,GN,0
2016,7,GUINEA-BISSAU,GW,0
2016,7,GUYANA,GY,27843
2016,7,HAITI,HT,0
2016,7,HONDURAS,HN,11451
2016,7,HONG KONG,HK,247383078
2016,7,HUNGARY,HU,10812223
2016,7,ICELAND,IS,48
2016,7,INDIA,IN,287900740
2016,7,IRAQ,IQ,18281283
2016,7,IRELAND,IE,56974642
2016,7,ISLAMIC REP. OF IRAN,IR,11733970
2016,7,ITALY,IT,156739468
2016,7,JAMAICA,JM,25301
2016,7,JAPAN,JP,1173324836
2016,7,JORDAN,JO,2437553
2016,7,KAZAKHSTAN,KZ,94613
2016,7,KENYA,KE,634234
2016,7,KIRIBATI,KI,0
2016,7,KUWAIT,KW,20553959
2016,7,KYRGYZSTAN,KG,0
2016,7,LATVIA,LV,211473
2016,7,LEBANON,LB,548852
2016,7,LESOTHO,LS,0
2016,7,LIBERIA,LR,1727792
2016,7,LIBYAN ARAB JAMAHIRIYA,LY,237387
2016,7,LIECHTENSTEIN,LI,0
2016,7,LITHUANIA,LT,957196
2016,7,LUXEMBOURG,LU,930106
2016,7,MACAU,MO,1157506
2016,7,MACEDONIA,MK,2815
2016,7,MADAGASCAR,MG,321795
2016,7,MALAWI,MW,582120
2016,7,"MALAYSIA, PENINSULAR",MY,1339954
2016,7,MALDIVES,MV,6044
2016,7,MALI,ML,0
2016,7,MALTA,MT,2492016
2016,7,MARSHALL ISLANDS,MH,0
2016,7,MARTINIQUE,MQ,0
2016,7,MAURITANIA,MR,0
2016,7,MAURITIUS,MU,471900
2016,7,MAYOTTE,YT,0
2016,7,MEXICO,MX,31311559
2016,7,MONTENEGRO,ME,0
2016,7,MOROCCO,MA,1814691
2016,7,MOZAMBIQUE,MZ,267942
2016,7,NAMIBIA,NA,177356
2016,7,NAURU,NR,0
2016,7,NEPAL,NP,24844
2016,7,NETHERLANDS,NL,109638298
2016,7,NEW CALEDONIA,NC,0
2016,7,NEW ZEALAND,NZ,55619936
2016,7,NICARAGUA,NI,75659
2016,7,NIGER,NE,0
2016,7,NIGERIA,NG,7362723
2016,7,NORTHERN MARIANA ISLANDS,MP,0
2016,7,NORWAY,NO,18784757
2016,7,OMAN,OM,37337272
2016,7,"OTHER COUNTRIES, NES.",ZZ,198744045
2016,7,PAKISTAN,PK,15772860
2016,7,PALESTINE,PS,4629
2016,7,PANAMA,PA,159332
2016,7,PAPUA NEW GUINEA,PG,17909685
2016,7,PARAGUAY,PY,315364
2016,7,PEOPLE'S DEM. REP. LAO,LA,2045501
2016,7,PEOPLE'S REP. OF MONGOLIA,MN,1979
2016,7,PEOPLE'S REPUBLIC OF CHINA,CN,2854525531
2016,7,PERU,PE,9972853
2016,7,PHILIPPINES,PH,146310317
2016,7,POLAND,PL,15187405
2016,7,PORTUGAL,PT,3576158
2016,7,PUERTO RICO,PR,648602
2016,7,QATAR,QA,84381359
2016,7,REPUBLIC OF INDONESIA,ID,465161386
2016,7,REPUBLIC OF KOREA,KR,1488239262
2016,7,REPUBLIC OF MOLDOVA,MD,351200
2016,7,REPUBLIC OF SINGAPORE,SG,1456698375
2016,7,REPUBLIC OF SOUTH AFRICA,ZA,24171006
2016,7,REPUBLIC OF SRI LANKA,LK,4212945
2016,7,REPUBLIC OF YEMEN,YE,413995
2016,7,REUNION ISLANDS,RE,728065
2016,7,ROMANIA,RO,2261618
2016,7,RUSSIAN FEDERATION,RU,127051560
2016,7,RWANDA,RW,1635569
2016,7,SAINT LUCIA,LC,0
2016,7,SAINT VINCENT/GRENADINES,VC,0
2016,7,SAUDI ARABIA,SA,140850069
2016,7,SENEGAL,SN,365841
2016,7,SERBIA,RS,71628
2016,7,SEYCHELLES,SC,0
2016,7,SIERRA LEONE,SL,0
2016,7,SLOVAKIA,SK,2703269
2016,7,SLOVENIA,SI,1458369
2016,7,SOCIALIST REP. OF VIET NAM,VN,307849537
2016,7,SOLOMON ISLANDS,SB,3036680
2016,7,SOMALIA,SO,0
2016,7,SPAIN,ES,38892883
2016,7,SUDAN,SD,9964
2016,7,SURINAME,SR,100140
2016,7,SWAZILAND,SZ,5837
2016,7,SWEDEN,SE,46789424
2016,7,SWITZERLAND,CH,83370332
2016,7,SYRIAN ARAB REPUBLIC,SY,14234
2016,7,TAIWAN,TW,972191528
2016,7,TAJIKISTAN,TJ,0
2016,7,THAILAND,TH,804212689
2016,7,TIMOR LESTE,TL,23243
2016,7,TOGO,TG,0
2016,7,TONGA,TO,0
2016,7,TRINIDAD AND TOBAGO,TT,28088
2016,7,TUNISIA,TN,733329
2016,7,TURKEY,TR,43836398
2016,7,TURKMENISTAN,TM,703318
2016,7,TURKS AND CAICOS ISLANDS,TC,0
2016,7,TUVALU,TV,0
2016,7,UGANDA,UG,870277
2016,7,UKRAINE,UA,5677209
2016,7,UNION OF MYANMAR,MM,20668681
2016,7,UNITED ARAB EMIRATES,AE,136822639
2016,7,UNITED KINGDOM,GB,124366584
2016,7,UNITED REP. OF TANZANIA,TZ,11053798
2016,7,UNITED STATES OF AMERICA,US,1030601313
2016,7,UNITED STATES VIRGIN ISLANDS,VI,1437
2016,7,URUGUAY,UY,2496490
2016,7,UZBEKISTAN,UZ,267
2016,7,VANUATU,VU,131444
2016,7,VATICAN CITY STATE (HOLYSEE),VA,0
2016,7,VENEZUELA,VE,23964452
2016,7,WALLIS AND FUTUNA ISLANDS,WF,0
2016,7,WESTERN SAMOA,WS,0
2016,7,ZAMBIA,ZM,471855
2016,7,ZIMBABWE,ZW,40834
2016,8,AFGHANISTAN,AF,4567
2016,8,ALBANIA,AL,78112
2016,8,ALGERIA,DZ,51136
2016,8,AMERICAN SAMOA,AS,0
2016,8,ANGOLA,AO,223959
2016,8,ANTIGUA & BARBUDA,AG,1027
2016,8,ARGENTINA,AR,114360502
2016,8,ARMENIA,AM,2393
2016,8,ARUBA,AW,0
2016,8,AUSTRALIA,AU,288666682
2016,8,AUSTRIA,AT,39886864
2016,8,AZERBAIJAN,AZ,141737
2016,8,BAHAMAS,BS,4320
2016,8,BAHRAIN,BH,28440613
2016,8,BANGLADESH,BD,15644905
2016,8,BARBADOS,BB,4974
2016,8,BELARUS,BY,2944370
2016,8,BELGIUM,BE,51207530
2016,8,BELIZE,BZ,0
2016,8,BENIN,BJ,0
2016,8,BERMUDA,BM,0
2016,8,BHUTAN,BT,0
2016,8,BOLIVIA,BO,765868
2016,8,BOSNIA - HERZEGOVINA,BA,721
2016,8,BOTSWANA,BW,0
2016,8,BRAZIL,BR,233350118
2016,8,BRITISH VIRGIN ISLANDS,VG,30269
2016,8,BRUNEI DARUSSALAM,BN,27500807
2016,8,BULGARIA,BG,2808594
2016,8,BURKINA FASO,BF,1243363
2016,8,CAMBODIA,KH,11806981
2016,8,CAMEROON,CM,1982152
2016,8,CANADA,CA,68937147
2016,8,CAYMAN ISLANDS,KY,0
2016,8,CENTRAL AFRICAN REPUBLIC,CF,0
2016,8,CHAD,TD,0
2016,8,CHILE,CL,4201916
2016,8,CHRISTMAS ISLAND (IND.OCEAN),CX,1501746
2016,8,COLOMBIA,CO,3577048
2016,8,COMOROS,KM,0
2016,8,CONGO,CG,7075673
2016,8,"CONGO, THE DEMOCRATIC REPUBLIC (ZAIRE)",CD,2217278
2016,8,COOK ISLANDS,CK,0
2016,8,COSTA RICA,CR,1785815
2016,8,COTE D'IVOIRE,CI,20049596
2016,8,CROATIA,HR,4966585
2016,8,CUBA,CU,116890
2016,8,CURACAO,CW,0
2016,8,CYPRUS,CY,204208
2016,8,CZECH REPUBLIC,CZ,16636028
2016,8,DEM. PEOPLE'S REP. OF KOREA,KP,0
2016,8,DENMARK,DK,13911202
2016,8,DJIBOUTI,DJ,0
2016,8,DOMINICA,DM,0
2016,8,DOMINICAN REPUBLIC,DO,309052
2016,8,ECUADOR,EC,3024046
2016,8,EGYPT,EG,6143749
2016,8,EL SALVADOR,SV,214377
2016,8,EQUATORIAL GUINEA,GQ,0
2016,8,ERITREA,ER,0
2016,8,ESTONIA,EE,670705
2016,8,ETHIOPIA,ET,13652
2016,8,FALKLAND ISLAND (MALVINAS),FK,110724
2016,8,FED. STATES OF MICRONESIA,FM,0
2016,8,FEDERAL REPUBLIC OF GERMANY,DE,505834572
2016,8,FIJI,FJ,789243
2016,8,FINLAND,FI,12627246
2016,8,FRANCE,FR,107874590
2016,8,FRENCH GUIANA,GF,0
2016,8,FRENCH POLYNESIA,PF,0
2016,8,GABON,GA,0
2016,8,GAMBIA,GM,0
2016,8,GEORGIA,GE,252307
2016,8,GHANA,GH,17595603
2016,8,GREECE,GR,1190130
2016,8,GRENADA,GD,360
2016,8,GUADELOUPE,GP,0
2016,8,GUAM,GU,0
2016,8,GUATEMALA,GT,540469
2016,8,GUINEA,GN,553558
2016,8,GUINEA-BISSAU,GW,0
2016,8,GUYANA,GY,1078826
2016,8,HAITI,HT,0
2016,8,HONDURAS,HN,26933
2016,8,HONG KONG,HK,308418882
2016,8,HUNGARY,HU,10579794
2016,8,ICELAND,IS,17855
2016,8,INDIA,IN,398231328
2016,8,IRAQ,IQ,0
2016,8,IRELAND,IE,56143822
2016,8,ISLAMIC REP. OF IRAN,IR,2668986
2016,8,ITALY,IT,113511547
2016,8,JAMAICA,JM,1793
2016,8,JAPAN,JP,1188020497
2016,8,JORDAN,JO,12062029
2016,8,KAZAKHSTAN,KZ,914130
2016,8,KENYA,KE,1497997
2016,8,KIRIBATI,KI,0
2016,8,KUWAIT,KW,35139458
2016,8,KYRGYZSTAN,KG,0
2016,8,LATVIA,LV,2799846
2016,8,LEBANON,LB,1349403
2016,8,LIBERIA,LR,3878342
2016,8,LIBYAN ARAB JAMAHIRIYA,LY,6549
2016,8,LIECHTENSTEIN,LI,309083
2016,8,LITHUANIA,LT,8631457
2016,8,LUXEMBOURG,LU,997944
2016,8,MACAU,MO,1538604
2016,8,MACEDONIA,MK,0
2016,8,MADAGASCAR,MG,226109
2016,8,MALAWI,MW,111805
2016,8,"MALAYSIA, PENINSULAR",MY,2403605
2016,8,MALDIVES,MV,542319
2016,8,MALI,ML,0
2016,8,MALTA,MT,2694609
2016,8,MARSHALL ISLANDS,MH,0
2016,8,MARTINIQUE,MQ,0
2016,8,MAURITANIA,MR,0
2016,8,MAURITIUS,MU,240978
2016,8,MAYOTTE,YT,0
2016,8,MEXICO,MX,32381487
2016,8,MONACO,MC,0
2016,8,MONTENEGRO,ME,2208
2016,8,MOROCCO,MA,2156655
2016,8,MOZAMBIQUE,MZ,769157
2016,8,NAMIBIA,NA,149382
2016,8,NAURU,NR,0
2016,8,NEPAL,NP,106114
2016,8,NETHERLANDS,NL,103332430
2016,8,NEW CALEDONIA,NC,5023
2016,8,NEW ZEALAND,NZ,52583141
2016,8,NICARAGUA,NI,59738
2016,8,NIGER,NE,0
2016,8,NIGERIA,NG,13011277
2016,8,NORTHERN MARIANA ISLANDS,MP,0
2016,8,NORWAY,NO,29753994
2016,8,OMAN,OM,10135557
2016,8,"OTHER COUNTRIES, NES.",ZZ,132230683
2016,8,PAKISTAN,PK,13226642
2016,8,PALAU,PW,0
2016,8,PALESTINE,PS,13328
2016,8,PANAMA,PA,46892
2016,8,PAPUA NEW GUINEA,PG,29024885
2016,8,PARAGUAY,PY,862568
2016,8,PEOPLE'S DEM. REP. LAO,LA,204296
2016,8,PEOPLE'S REP. OF MONGOLIA,MN,7983
2016,8,PEOPLE'S REPUBLIC OF CHINA,CN,3080880823
2016,8,PERU,PE,3338171
2016,8,PHILIPPINES,PH,135447412
2016,8,POLAND,PL,12350595
2016,8,PORTUGAL,PT,4243659
2016,8,PUERTO RICO,PR,60680
2016,8,QATAR,QA,4507834
2016,8,REPUBLIC OF INDONESIA,ID,574613148
2016,8,REPUBLIC OF KOREA,KR,745050596
2016,8,REPUBLIC OF MOLDOVA,MD,269197
2016,8,REPUBLIC OF SINGAPORE,SG,1466175375
2016,8,REPUBLIC OF SOUTH AFRICA,ZA,32096335
2016,8,REPUBLIC OF SRI LANKA,LK,4517562
2016,8,REPUBLIC OF YEMEN,YE,886769
2016,8,REUNION ISLANDS,RE,0
2016,8,ROMANIA,RO,1916698
2016,8,RUSSIAN FEDERATION,RU,74707175
2016,8,RWANDA,RW,1355761
2016,8,SAINT KITTS & NEVIS,KN,0
2016,8,SAINT LUCIA,LC,0
2016,8,SAINT VINCENT/GRENADINES,VC,0
2016,8,SAUDI ARABIA,SA,305715705
2016,8,SENEGAL,SN,0
2016,8,SERBIA,RS,73464
2016,8,SEYCHELLES,SC,95699
2016,8,SIERRA LEONE,SL,0
2016,8,SLOVAKIA,SK,2809559
2016,8,SLOVENIA,SI,2758224
2016,8,SOCIALIST REP. OF VIET NAM,VN,442226748
2016,8,SOLOMON ISLANDS,SB,1508781
2016,8,SOMALIA,SO,0
2016,8,SPAIN,ES,47519684
2016,8,SUDAN,SD,50526
2016,8,SURINAME,SR,103297
2016,8,SWAZILAND,SZ,0
2016,8,SWEDEN,SE,44041815
2016,8,SWITZERLAND,CH,138334922
2016,8,SYRIAN ARAB REPUBLIC,SY,8620
2016,8,TAIWAN,TW,940470409
2016,8,TAJIKISTAN,TJ,1951
2016,8,THAILAND,TH,853389821
2016,8,TIMOR LESTE,TL,110631
2016,8,TOGO,TG,215412
2016,8,TONGA,TO,0
2016,8,TRINIDAD AND TOBAGO,TT,31639
2016,8,TUNISIA,TN,606064
2016,8,TURKEY,TR,22269772
2016,8,TURKMENISTAN,TM,0
2016,8,TURKS AND CAICOS ISLANDS,TC,0
2016,8,TUVALU,TV,0
2016,8,UGANDA,UG,2099461
2016,8,UKRAINE,UA,10991881
2016,8,UNION OF MYANMAR,MM,13491740
2016,8,UNITED ARAB EMIRATES,AE,205783837
2016,8,UNITED KINGDOM,GB,129692468
2016,8,UNITED REP. OF TANZANIA,TZ,20020284
2016,8,UNITED STATES OF AMERICA,US,1135799430
2016,8,URUGUAY,UY,1141617
2016,8,UZBEKISTAN,UZ,178034
2016,8,VANUATU,VU,0
2016,8,VATICAN CITY STATE (HOLYSEE),VA,0
2016,8,VENEZUELA,VE,334550
2016,8,WALLIS AND FUTUNA ISLANDS,WF,0
2016,8,WESTERN SAMOA,WS,0
2016,8,ZAMBIA,ZM,17125
2016,8,ZIMBABWE,ZW,72200
2016,9,AFGHANISTAN,AF,180
2016,9,ALBANIA,AL,125469
2016,9,ALGERIA,DZ,91430
2016,9,AMERICAN SAMOA,AS,180572
2016,9,ANGOLA,AO,23559
2016,9,ANTIGUA & BARBUDA,AG,0
2016,9,ARGENTINA,AR,107460428
2016,9,ARMENIA,AM,15573
2016,9,ARUBA,AW,0
2016,9,AUSTRALIA,AU,394086076
2016,9,AUSTRIA,AT,40238354
2016,9,AZERBAIJAN,AZ,1715
2016,9,BAHAMAS,BS,6235011
2016,9,BAHRAIN,BH,9777242
2016,9,BANGLADESH,BD,13031846
2016,9,BARBADOS,BB,4294
2016,9,BELARUS,BY,2576097
2016,9,BELGIUM,BE,49951615
2016,9,BELIZE,BZ,232493
2016,9,BENIN,BJ,0
2016,9,BERMUDA,BM,1676
2016,9,BHUTAN,BT,0
2016,9,BOLIVIA,BO,360655
2016,9,BOSNIA - HERZEGOVINA,BA,0
2016,9,BOTSWANA,BW,5869
2016,9,BRAZIL,BR,147119169
2016,9,BRITISH VIRGIN ISLANDS,VG,26928
2016,9,BRUNEI DARUSSALAM,BN,3046641
2016,9,BULGARIA,BG,3261634
2016,9,BURKINA FASO,BF,926583
2016,9,CAMBODIA,KH,12208862
2016,9,CAMEROON,CM,9092041
2016,9,CANADA,CA,37586916
2016,9,CAPE VERDE,CV,0
2016,9,CAYMAN ISLANDS,KY,0
2016,9,CENTRAL AFRICAN REPUBLIC,CF,0
2016,9,CHILE,CL,4295209
2016,9,CHRISTMAS ISLAND (IND.OCEAN),CX,675561
2016,9,COLOMBIA,CO,976901
2016,9,COMOROS,KM,0
2016,9,CONGO,CG,7322392
2016,9,"CONGO, THE DEMOCRATIC REPUBLIC (ZAIRE)",CD,3233838
2016,9,COOK ISLANDS,CK,0
2016,9,COSTA RICA,CR,1436327
2016,9,COTE D'IVOIRE,CI,21079307
2016,9,CROATIA,HR,9542275
2016,9,CUBA,CU,256314
2016,9,CURACAO,CW,0
2016,9,CYPRUS,CY,470370
2016,9,CZECH REPUBLIC,CZ,14762826
2016,9,DEM. PEOPLE'S REP. OF KOREA,KP,37514
2016,9,DENMARK,DK,15968448
2016,9,DJIBOUTI,DJ,42315
2016,9,DOMINICA,DM,0
2016,9,DOMINICAN REPUBLIC,DO,680457
2016,9,ECUADOR,EC,4190706
2016,9,EGYPT,EG,4663352
2016,9,EL SALVADOR,SV,154371
2016,9,EQUATORIAL GUINEA,GQ,0
2016,9,ERITREA,ER,0
2016,9,ESTONIA,EE,947010
2016,9,ETHIOPIA,ET,171896
2016,9,FED. STATES OF MICRONESIA,FM,0
2016,9,FEDERAL REPUBLIC OF GERMANY,DE,434578175
2016,9,FIJI,FJ,930296
2016,9,FINLAND,FI,8744575
2016,9,FRANCE,FR,280991971
2016,9,FRENCH GUIANA,GF,0
2016,9,FRENCH POLYNESIA,PF,0
2016,9,GABON,GA,28489
2016,9,GAMBIA,GM,0
2016,9,GEORGIA,GE,302032
2016,9,GHANA,GH,5625291
2016,9,GIBRALTAR,GI,0
2016,9,GREECE,GR,926220
2016,9,GREENLAND,GL,11415
2016,9,GRENADA,GD,4919
2016,9,GUADELOUPE,GP,0
2016,9,GUAM,GU,447
2016,9,GUATEMALA,GT,1443082
2016,9,GUINEA,GN,90749
2016,9,GUINEA-BISSAU,GW,0
2016,9,GUYANA,GY,8417
2016,9,HAITI,HT,0
2016,9,HONDURAS,HN,68009
2016,9,HONG KONG,HK,258083849
2016,9,HUNGARY,HU,12287669
2016,9,ICELAND,IS,300
2016,9,INDIA,IN,519417206
2016,9,IRAQ,IQ,11670161
2016,9,IRELAND,IE,49661735
2016,9,ISLAMIC REP. OF IRAN,IR,73107344
2016,9,ITALY,IT,106450170
2016,9,JAMAICA,JM,6456
2016,9,JAPAN,JP,1169840371
2016,9,JORDAN,JO,9682081
2016,9,KAZAKHSTAN,KZ,42802
2016,9,KENYA,KE,2572233
2016,9,KIRIBATI,KI,465178
2016,9,KUWAIT,KW,44731794
2016,9,KYRGYZSTAN,KG,0
2016,9,LATVIA,LV,614222
2016,9,LEBANON,LB,817084
2016,9,LIBERIA,LR,2464526
2016,9,LIBYAN ARAB JAMAHIRIYA,LY,358
2016,9,LIECHTENSTEIN,LI,309984
2016,9,LITHUANIA,LT,1916531
2016,9,LUXEMBOURG,LU,4360229
2016,9,MACAU,MO,1160099
2016,9,MACEDONIA,MK,140233
2016,9,MADAGASCAR,MG,331268
2016,9,MALAWI,MW,570066
2016,9,"MALAYSIA, PENINSULAR",MY,1917337
2016,9,MALDIVES,MV,31026
2016,9,MALI,ML,500295
2016,9,MALTA,MT,2441045
2016,9,MARSHALL ISLANDS,MH,599864
2016,9,MARTINIQUE,MQ,0
2016,9,MAURITANIA,MR,1470795
2016,9,MAURITIUS,MU,484385
2016,9,MAYOTTE,YT,0
2016,9,MEXICO,MX,32665887
2016,9,MONACO,MC,0
2016,9,MONTENEGRO,ME,15521
2016,9,MOROCCO,MA,2684285
2016,9,MOZAMBIQUE,MZ,70134
2016,9,NAMIBIA,NA,202926
2016,9,NEPAL,NP,45214
2016,9,NETHERLANDS,NL,155814132
2016,9,NEW CALEDONIA,NC,0
2016,9,NEW ZEALAND,NZ,39586915
2016,9,NICARAGUA,NI,18602
2016,9,NIGER,NE,0
2016,9,NIGERIA,NG,6739129
2016,9,NORTHERN MARIANA ISLANDS,MP,0
2016,9,NORWAY,NO,24414990
2016,9,OMAN,OM,19331457
2016,9,"OTHER COUNTRIES, NES.",ZZ,160931994
2016,9,PAKISTAN,PK,10118496
2016,9,PALAU,PW,0
2016,9,PALESTINE,PS,533
2016,9,PANAMA,PA,364346
2016,9,PAPUA NEW GUINEA,PG,12893755
2016,9,PARAGUAY,PY,6771
2016,9,PEOPLE'S DEM. REP. LAO,LA,3794147
2016,9,PEOPLE'S REP. OF MONGOLIA,MN,0
2016,9,PEOPLE'S REPUBLIC OF CHINA,CN,2999143402
2016,9,PERU,PE,4176002
2016,9,PHILIPPINES,PH,134493999
2016,9,POLAND,PL,15035127
2016,9,PORTUGAL,PT,4330150
2016,9,PUERTO RICO,PR,617465
2016,9,QATAR,QA,30747714
2016,9,REPUBLIC OF INDONESIA,ID,621608868
2016,9,REPUBLIC OF KOREA,KR,668017283
2016,9,REPUBLIC OF MOLDOVA,MD,2147485
2016,9,REPUBLIC OF SINGAPORE,SG,1529666433
2016,9,REPUBLIC OF SOUTH AFRICA,ZA,31441768
2016,9,REPUBLIC OF SRI LANKA,LK,3999578
2016,9,REPUBLIC OF YEMEN,YE,1018961
2016,9,REUNION ISLANDS,RE,37700
2016,9,ROMANIA,RO,2105121
2016,9,RUSSIAN FEDERATION,RU,98675167
2016,9,RWANDA,RW,1594399
2016,9,SAINT KITTS & NEVIS,KN,0
2016,9,SAINT VINCENT/GRENADINES,VC,0
2016,9,SAUDI ARABIA,SA,276758474
2016,9,SENEGAL,SN,0
2016,9,SERBIA,RS,35916
2016,9,SEYCHELLES,SC,0
2016,9,SIERRA LEONE,SL,0
2016,9,SLOVAKIA,SK,2256145
2016,9,SLOVENIA,SI,2024837
2016,9,SOCIALIST REP. OF VIET NAM,VN,438268932
2016,9,SOLOMON ISLANDS,SB,3108475
2016,9,SOMALIA,SO,0
2016,9,SPAIN,ES,46907862
2016,9,SUDAN,SD,7634
2016,9,SURINAME,SR,3062
2016,9,SVALBARD AND JAN MAYEN ISL.,SJ,0
2016,9,SW,SW,214492
2016,9,SWAZILAND,SZ,49443
2016,9,SWEDEN,SE,41683901
2016,9,SWITZERLAND,CH,150639398
2016,9,SYRIAN ARAB REPUBLIC,SY,2027
2016,9,TAIWAN,TW,927856526
2016,9,TAJIKISTAN,TJ,0
2016,9,THAILAND,TH,872254298
2016,9,TIMOR LESTE,TL,4499
2016,9,TOGO,TG,77262
2016,9,TONGA,TO,0
2016,9,TRINIDAD AND TOBAGO,TT,11006
2016,9,TUNISIA,TN,855920
2016,9,TURKEY,TR,18972095
2016,9,TURKMENISTAN,TM,0
2016,9,TUVALU,TV,0
2016,9,U.S. MINOR OUTLYING ISLANDS,UM,0
2016,9,UGANDA,UG,632713
2016,9,UKRAINE,UA,7184491
2016,9,UNION OF MYANMAR,MM,13241751
2016,9,UNITED ARAB EMIRATES,AE,134421536
2016,9,UNITED KINGDOM,GB,119191329
2016,9,UNITED REP. OF TANZANIA,TZ,26835125
2016,9,UNITED STATES OF AMERICA,US,1047185869
2016,9,URUGUAY,UY,2429522
2016,9,UZBEKISTAN,UZ,223966
2016,9,VANUATU,VU,1262683
2016,9,VATICAN CITY STATE (HOLYSEE),VA,0
2016,9,VENEZUELA,VE,23239931
2016,9,WALLIS AND FUTUNA ISLANDS,WF,0
2016,9,WESTERN SAMOA,WS,0
2016,9,ZAMBIA,ZM,261577
2016,9,ZIMBABWE,ZW,121636
2016,10,AFGHANISTAN,AF,65331
2016,10,ALBANIA,AL,9488
2016,10,ALGERIA,DZ,131
2016,10,AMERICAN SAMOA,AS,130645
2016,10,ANGOLA,AO,7687
2016,10,ANTIGUA & BARBUDA,AG,1317
2016,10,ARGENTINA,AR,90625427
2016,10,ARMENIA,AM,14013
2016,10,ARUBA,AW,0
2016,10,AUSTRALIA,AU,387898790
2016,10,AUSTRIA,AT,45165626
2016,10,AZERBAIJAN,AZ,8360
2016,10,BAHAMAS,BS,97841
2016,10,BAHRAIN,BH,823580
2016,10,BANGLADESH,BD,11506613
2016,10,BARBADOS,BB,5588
2016,10,BELARUS,BY,2318610
2016,10,BELGIUM,BE,52080222
2016,10,BELIZE,BZ,0
2016,10,BENIN,BJ,3757
2016,10,BERMUDA,BM,0
2016,10,BHUTAN,BT,878
2016,10,BOLIVIA,BO,420972
2016,10,BOSNIA - HERZEGOVINA,BA,62009
2016,10,BOTSWANA,BW,0
2016,10,BRAZIL,BR,123689193
2016,10,BRITISH VIRGIN ISLANDS,VG,38313
2016,10,BRUNEI DARUSSALAM,BN,26529846
2016,10,BULGARIA,BG,3122804
2016,10,BURKINA FASO,BF,374867
2016,10,CAMBODIA,KH,9374753
2016,10,CAMEROON,CM,1924694
2016,10,CANADA,CA,39916368
2016,10,CAPE VERDE,CV,0
2016,10,CAYMAN ISLANDS,KY,0
2016,10,CENTRAL AFRICAN REPUBLIC,CF,0
2016,10,CHAD,TD,0
2016,10,CHILE,CL,13200835
2016,10,CHRISTMAS ISLAND (IND.OCEAN),CX,3609268
2016,10,COLOMBIA,CO,1961069
2016,10,COMOROS,KM,0
2016,10,CONGO,CG,5034870
2016,10,"CONGO, THE DEMOCRATIC REPUBLIC (ZAIRE)",CD,936876
2016,10,COOK ISLANDS,CK,0
2016,10,COSTA RICA,CR,2167071
2016,10,COTE D'IVOIRE,CI,22073242
2016,10,CROATIA,HR,158330
2016,10,CUBA,CU,160728
2016,10,CURACAO,CW,0
2016,10,CYPRUS,CY,565835
2016,10,CZECH REPUBLIC,CZ,23289854
2016,10,DEM. PEOPLE'S REP. OF KOREA,KP,0
2016,10,DENMARK,DK,16754394
2016,10,DJIBOUTI,DJ,0
2016,10,DOMINICA,DM,0
2016,10,DOMINICAN REPUBLIC,DO,253005
2016,10,ECUADOR,EC,4134162
2016,10,EGYPT,EG,4116864
2016,10,EL SALVADOR,SV,3364
2016,10,EQUATORIAL GUINEA,GQ,0
2016,10,ERITREA,ER,0
2016,10,ESTONIA,EE,344456
2016,10,ETHIOPIA,ET,186519
2016,10,FED. STATES OF MICRONESIA,FM,0
2016,10,FEDERAL REPUBLIC OF GERMANY,DE,532011251
2016,10,FIJI,FJ,1367078
2016,10,FINLAND,FI,14906340
2016,10,FRANCE,FR,212099056
2016,10,FRENCH GUIANA,GF,0
2016,10,FRENCH POLYNESIA,PF,0
2016,10,GABON,GA,1042
2016,10,GAMBIA,GM,0
2016,10,GEORGIA,GE,113301
2016,10,GHANA,GH,3823683
2016,10,GIBRALTAR,GI,0
2016,10,GREECE,GR,1384578
2016,10,GREENLAND,GL,13594
2016,10,GRENADA,GD,0
2016,10,GUADELOUPE,GP,0
2016,10,GUAM,GU,0
2016,10,GUATEMALA,GT,330311
2016,10,GUINEA,GN,28757
2016,10,GUINEA-BISSAU,GW,0
2016,10,GUYANA,GY,67183
2016,10,HAITI,HT,44242
2016,10,HONDURAS,HN,141461
2016,10,HONG KONG,HK,253184729
2016,10,HUNGARY,HU,11592732
2016,10,ICELAND,IS,953
2016,10,INDIA,IN,337643614
2016,10,IRAQ,IQ,7227477
2016,10,IRELAND,IE,81631481
2016,10,ISLAMIC REP. OF IRAN,IR,23117559
2016,10,ITALY,IT,93613360
2016,10,JAMAICA,JM,62148
2016,10,JAPAN,JP,1160752833
2016,10,JORDAN,JO,5661880
2016,10,KAZAKHSTAN,KZ,607967
2016,10,KENYA,KE,717570
2016,10,KIRIBATI,KI,514330
2016,10,KUWAIT,KW,53082292
2016,10,KYRGYZSTAN,KG,0
2016,10,LATVIA,LV,726438
2016,10,LEBANON,LB,278539
2016,10,LIBERIA,LR,536560
2016,10,LIBYAN ARAB JAMAHIRIYA,LY,247
2016,10,LIECHTENSTEIN,LI,19233
2016,10,LITHUANIA,LT,3059447
2016,10,LUXEMBOURG,LU,1952323
2016,10,MACAU,MO,918569
2016,10,MACEDONIA,MK,87395
2016,10,MADAGASCAR,MG,234305
2016,10,MALAWI,MW,211929
2016,10,"MALAYSIA, PENINSULAR",MY,2174089
2016,10,MALDIVES,MV,2142
2016,10,MALI,ML,0
2016,10,MALTA,MT,2063862
2016,10,MARSHALL ISLANDS,MH,428398
2016,10,MARTINIQUE,MQ,0
2016,10,MAURITANIA,MR,0
2016,10,MAURITIUS,MU,474336
2016,10,MAYOTTE,YT,0
2016,10,MEXICO,MX,31614006
2016,10,MONACO,MC,4721
2016,10,MONTENEGRO,ME,0
2016,10,MOROCCO,MA,2385456
2016,10,MOZAMBIQUE,MZ,1810455
2016,10,NAMIBIA,NA,24685
2016,10,NAURU,NR,0
2016,10,NEPAL,NP,31178
2016,10,NETHERLANDS,NL,115119278
2016,10,NEW CALEDONIA,NC,0
2016,10,NEW ZEALAND,NZ,48038128
2016,10,NICARAGUA,NI,4226
2016,10,NIGER,NE,225154
2016,10,NIGERIA,NG,7622420
2016,10,NORTHERN MARIANA ISLANDS,MP,303
2016,10,NORWAY,NO,13320666
2016,10,OMAN,OM,24864974
2016,10,"OTHER COUNTRIES, NES.",ZZ,23403837
2016,10,PAKISTAN,PK,10218772
2016,10,PALAU,PW,0
2016,10,PALESTINE,PS,7663
2016,10,PANAMA,PA,72195
2016,10,PAPUA NEW GUINEA,PG,10067792
2016,10,PARAGUAY,PY,0
2016,10,PEOPLE'S DEM. REP. LAO,LA,362801
2016,10,PEOPLE'S REP. OF MONGOLIA,MN,393
2016,10,PEOPLE'S REPUBLIC OF CHINA,CN,2766713418
2016,10,PERU,PE,3322832
2016,10,PHILIPPINES,PH,148622556
2016,10,POLAND,PL,9951440
2016,10,PORTUGAL,PT,3794850
2016,10,PUERTO RICO,PR,923527
2016,10,QATAR,QA,77266798
2016,10,REPUBLIC OF INDONESIA,ID,671369545
2016,10,REPUBLIC OF KOREA,KR,839705107
2016,10,REPUBLIC OF MOLDOVA,MD,2101006
2016,10,REPUBLIC OF SINGAPORE,SG,1596099550
2016,10,REPUBLIC OF SOUTH AFRICA,ZA,35093590
2016,10,REPUBLIC OF SRI LANKA,LK,4876189
2016,10,REPUBLIC OF YEMEN,YE,144225
2016,10,REUNION ISLANDS,RE,0
2016,10,ROMANIA,RO,8882531
2016,10,RUSSIAN FEDERATION,RU,66301531
2016,10,RWANDA,RW,569060
2016,10,S. GEORGIA & SANDWICH ISLANDS,GS,0
2016,10,SAINT VINCENT/GRENADINES,VC,0
2016,10,SAUDI ARABIA,SA,197849747
2016,10,SENEGAL,SN,1284
2016,10,SERBIA,RS,76337
2016,10,SEYCHELLES,SC,0
2016,10,SIERRA LEONE,SL,0
2016,10,SLOVAKIA,SK,2112626
2016,10,SLOVENIA,SI,2744089
2016,10,SOCIALIST REP. OF VIET NAM,VN,378541928
2016,10,SOLOMON ISLANDS,SB,1197745
2016,10,SOMALIA,SO,0
2016,10,SPAIN,ES,49010102
2016,10,SUDAN,SD,236133
2016,10,SURINAME,SR,642
2016,10,SW,SW,25988
2016,10,SWAZILAND,SZ,15965
2016,10,SWEDEN,SE,36677532
2016,10,SWITZERLAND,CH,212692231
2016,10,SYRIAN ARAB REPUBLIC,SY,17591
2016,10,TAIWAN,TW,846794453
2016,10,TAJIKISTAN,TJ,0
2016,10,THAILAND,TH,833806711
2016,10,TIMOR LESTE,TL,19946
2016,10,TOGO,TG,1059790
2016,10,TONGA,TO,0
2016,10,TRINIDAD AND TOBAGO,TT,1230
2016,10,TUNISIA,TN,434202
2016,10,TURKEY,TR,21659980
2016,10,TURKMENISTAN,TM,0
2016,10,TURKS AND CAICOS ISLANDS,TC,0
2016,10,TUVALU,TV,0
2016,10,UGANDA,UG,137882
2016,10,UKRAINE,UA,7091779
2016,10,UNION OF MYANMAR,MM,13795297
2016,10,UNITED ARAB EMIRATES,AE,198984254
2016,10,UNITED KINGDOM,GB,117653204
2016,10,UNITED REP. OF TANZANIA,TZ,15975707
2016,10,UNITED STATES OF AMERICA,US,1039362937
2016,10,UNITED STATES VIRGIN ISLANDS,VI,0
2016,10,URUGUAY,UY,458232
2016,10,UZBEKISTAN,UZ,1212
2016,10,VANUATU,VU,747978
2016,10,VENEZUELA,VE,21977633
2016,10,WESTERN SAMOA,WS,0
2016,10,ZAMBIA,ZM,537
2016,10,ZIMBABWE,ZW,969956
2016,11,AFGHANISTAN,AF,63188
2016,11,ALBANIA,AL,16635
2016,11,ALGERIA,DZ,22017
2016,11,AMERICAN SAMOA,AS,0
2016,11,ANGOLA,AO,551
2016,11,ANGUILLA,AI,0
2016,11,ANTIGUA & BARBUDA,AG,0
2016,11,ARGENTINA,AR,106425301
2016,11,ARMENIA,AM,1595
2016,11,ARUBA,AW,0
2016,11,AUSTRALIA,AU,299973993
2016,11,AUSTRIA,AT,41875453
2016,11,AZERBAIJAN,AZ,0
2016,11,BAHAMAS,BS,5073
2016,11,BAHRAIN,BH,988595
2016,11,BANGLADESH,BD,18953579
2016,11,BARBADOS,BB,3556
2016,11,BELARUS,BY,3777985
2016,11,BELGIUM,BE,43698284
2016,11,BELIZE,BZ,1249
2016,11,BENIN,BJ,2919
2016,11,BERMUDA,BM,0
2016,11,BHUTAN,BT,0
2016,11,BOLIVIA,BO,996271
2016,11,BOSNIA - HERZEGOVINA,BA,149719
2016,11,BOTSWANA,BW,0
2016,11,BRAZIL,BR,276156934
2016,11,BRITISH VIRGIN ISLANDS,VG,14670
2016,11,BRUNEI DARUSSALAM,BN,3475137
2016,11,BULGARIA,BG,2482464
2016,11,BURKINA FASO,BF,183195
2016,11,BURUNDI,BI,0
2016,11,CAMBODIA,KH,16855861
2016,11,CAMEROON,CM,10126590
2016,11,CANADA,CA,53732389
2016,11,CAPE VERDE,CV,0
2016,11,CAYMAN ISLANDS,KY,0
2016,11,CENTRAL AFRICAN REPUBLIC,CF,0
2016,11,CHILE,CL,25801162
2016,11,CHRISTMAS ISLAND (IND.OCEAN),CX,1508794
2016,11,COLOMBIA,CO,2215792
2016,11,COMOROS,KM,160900
2016,11,CONGO,CG,2072290
2016,11,"CONGO, THE DEMOCRATIC REPUBLIC (ZAIRE)",CD,4159424
2016,11,COOK ISLANDS,CK,0
2016,11,COSTA RICA,CR,1623431
2016,11,COTE D'IVOIRE,CI,22074320
2016,11,CROATIA,HR,633217
2016,11,CUBA,CU,62001
2016,11,CURACAO,CW,0
2016,11,CYPRUS,CY,494320
2016,11,CZECH REPUBLIC,CZ,17185803
2016,11,DEM. PEOPLE'S REP. OF KOREA,KP,0
2016,11,DENMARK,DK,13881449
2016,11,DJIBOUTI,DJ,0
2016,11,DOMINICA,DM,0
2016,11,DOMINICAN REPUBLIC,DO,668471
2016,11,ECUADOR,EC,5671344
2016,11,EGYPT,EG,4645357
2016,11,EL SALVADOR,SV,38004
2016,11,EQUATORIAL GUINEA,GQ,0
2016,11,ERITREA,ER,0
2016,11,ESTONIA,EE,353370
2016,11,ETHIOPIA,ET,229110
2016,11,FED. STATES OF MICRONESIA,FM,0
2016,11,FEDERAL REPUBLIC OF GERMANY,DE,481907979
2016,11,FIJI,FJ,350311
2016,11,FINLAND,FI,11990838
2016,11,FRANCE,FR,183344512
2016,11,FRENCH GUIANA,GF,0
2016,11,FRENCH POLYNESIA,PF,0
2016,11,GABON,GA,86141
2016,11,GAMBIA,GM,0
2016,11,GEORGIA,GE,12207
2016,11,GHANA,GH,5392853
2016,11,GIBRALTAR,GI,0
2016,11,GREECE,GR,3693780
2016,11,GREENLAND,GL,36953
2016,11,GRENADA,GD,0
2016,11,GUADELOUPE,GP,0
2016,11,GUAM,GU,754
2016,11,GUATEMALA,GT,278450
2016,11,GUINEA,GN,40365
2016,11,GUINEA-BISSAU,GW,0
2016,11,GUYANA,GY,38869
2016,11,HAITI,HT,0
2016,11,HONDURAS,HN,576972
2016,11,HONG KONG,HK,303789812
2016,11,HUNGARY,HU,9514444
2016,11,ICELAND,IS,101880
2016,11,INDIA,IN,334241092
2016,11,IRAQ,IQ,24469441
2016,11,IRELAND,IE,52966903
2016,11,ISLAMIC REP. OF IRAN,IR,20862455
2016,11,ITALY,IT,131673307
2016,11,JAMAICA,JM,10109
2016,11,JAPAN,JP,1191762861
2016,11,JORDAN,JO,3437152
2016,11,KAZAKHSTAN,KZ,1245476
2016,11,KENYA,KE,1114545
2016,11,KIRIBATI,KI,154563
2016,11,KUWAIT,KW,73773240
2016,11,KYRGYZSTAN,KG,8706
2016,11,LATVIA,LV,3132212
2016,11,LEBANON,LB,750546
2016,11,LESOTHO,LS,0
2016,11,LIBERIA,LR,1021804
2016,11,LIBYAN ARAB JAMAHIRIYA,LY,878
2016,11,LIECHTENSTEIN,LI,306961
2016,11,LITHUANIA,LT,1647927
2016,11,LUXEMBOURG,LU,1710327
2016,11,MACAU,MO,977584
2016,11,MACEDONIA,MK,18254
2016,11,MADAGASCAR,MG,462356
2016,11,MALAWI,MW,109214
2016,11,"MALAYSIA, PENINSULAR",MY,393483
2016,11,MALDIVES,MV,9184
2016,11,MALI,ML,0
2016,11,MALTA,MT,9983055
2016,11,MARSHALL ISLANDS,MH,174376
2016,11,MARTINIQUE,MQ,0
2016,11,MAURITANIA,MR,0
2016,11,MAURITIUS,MU,221663
2016,11,MAYOTTE,YT,0
2016,11,MEXICO,MX,28893624
2016,11,MONACO,MC,99
2016,11,MONTENEGRO,ME,0
2016,11,MOROCCO,MA,1193443
2016,11,MOZAMBIQUE,MZ,180525
2016,11,NAMIBIA,NA,47900
2016,11,NEPAL,NP,24447
2016,11,NETHERLANDS,NL,117787502
2016,11,NEW CALEDONIA,NC,0
2016,11,NEW ZEALAND,NZ,83723919
2016,11,NICARAGUA,NI,52026
2016,11,NIGER,NE,0
2016,11,NIGERIA,NG,19614319
2016,11,NORTHERN MARIANA ISLANDS,MP,0
2016,11,NORWAY,NO,26693009
2016,11,OMAN,OM,24719871
2016,11,"OTHER COUNTRIES, NES.",ZZ,13804293
2016,11,PAKISTAN,PK,14134474
2016,11,PALAU,PW,0
2016,11,PALESTINE,PS,40282
2016,11,PANAMA,PA,4279432
2016,11,PAPUA NEW GUINEA,PG,31300072
2016,11,PARAGUAY,PY,40508
2016,11,PEOPLE'S DEM. REP. LAO,LA,465576
2016,11,PEOPLE'S REP. OF MONGOLIA,MN,1577
2016,11,PEOPLE'S REPUBLIC OF CHINA,CN,3158175180
2016,11,PERU,PE,14877985
2016,11,PHILIPPINES,PH,117169398
2016,11,POLAND,PL,13608572
2016,11,PORTUGAL,PT,4926192
2016,11,PUERTO RICO,PR,1979412
2016,11,QATAR,QA,43933541
2016,11,REPUBLIC OF INDONESIA,ID,634498486
2016,11,REPUBLIC OF KOREA,KR,689224192
2016,11,REPUBLIC OF MOLDOVA,MD,1336976
2016,11,REPUBLIC OF SINGAPORE,SG,1445104222
2016,11,REPUBLIC OF SOUTH AFRICA,ZA,45386938
2016,11,REPUBLIC OF SRI LANKA,LK,5126452
2016,11,REPUBLIC OF YEMEN,YE,739599
2016,11,REUNION ISLANDS,RE,0
2016,11,ROMANIA,RO,8981181
2016,11,RUSSIAN FEDERATION,RU,118548299
2016,11,RWANDA,RW,1362705
2016,11,SAINT LUCIA,LC,0
2016,11,SAINT VINCENT/GRENADINES,VC,0
2016,11,SAO TOME AND PRINCIPE,ST,0
2016,11,SAUDI ARABIA,SA,199817110
2016,11,SENEGAL,SN,0
2016,11,SERBIA,RS,272491
2016,11,SEYCHELLES,SC,237808
2016,11,SIERRA LEONE,SL,114467
2016,11,SLOVAKIA,SK,2419271
2016,11,SLOVENIA,SI,2130386
2016,11,SOCIALIST REP. OF VIET NAM,VN,425226001
2016,11,SOLOMON ISLANDS,SB,1265875
2016,11,SOMALIA,SO,0
2016,11,SPAIN,ES,45842534
2016,11,SUDAN,SD,19755
2016,11,SURINAME,SR,8644
2016,11,SW,SW,25045
2016,11,SWAZILAND,SZ,0
2016,11,SWEDEN,SE,36028418
2016,11,SWITZERLAND,CH,156942077
2016,11,SYRIAN ARAB REPUBLIC,SY,18362
2016,11,TAIWAN,TW,905058923
2016,11,TAJIKISTAN,TJ,0
2016,11,THAILAND,TH,888867013
2016,11,TIMOR LESTE,TL,4800
2016,11,TOGO,TG,4259
2016,11,TOKELAU,TK,14223
2016,11,TONGA,TO,0
2016,11,TRINIDAD AND TOBAGO,TT,88077
2016,11,TUNISIA,TN,541487
2016,11,TURKEY,TR,25458441
2016,11,TURKMENISTAN,TM,4654
2016,11,TUVALU,TV,0
2016,11,UGANDA,UG,637819
2016,11,UKRAINE,UA,7612649
2016,11,UNION OF MYANMAR,MM,17278637
2016,11,UNITED ARAB EMIRATES,AE,241311673
2016,11,UNITED KINGDOM,GB,119791089
2016,11,UNITED REP. OF TANZANIA,TZ,7873830
2016,11,UNITED STATES OF AMERICA,US,1106566435
2016,11,UNITED STATES VIRGIN ISLANDS,VI,0
2016,11,URUGUAY,UY,3663044
2016,11,UZBEKISTAN,UZ,927
2016,11,VANUATU,VU,649423
2016,11,VENEZUELA,VE,22001448
2016,11,WESTERN SAMOA,WS,0
2016,11,ZAMBIA,ZM,263
2016,11,ZIMBABWE,ZW,0
2016,12,AFGHANISTAN,AF,1539
2016,12,ALBANIA,AL,83768
2016,12,ALGERIA,DZ,1179
2016,12,AMERICAN SAMOA,AS,24691
2016,12,ANDORRA,AD,0
2016,12,ANGOLA,AO,11723
2016,12,ANGUILLA,AI,0
2016,12,ANTARTICA,AQ,0
2016,12,ANTIGUA & BARBUDA,AG,14
2016,12,ARGENTINA,AR,82559747
2016,12,ARMENIA,AM,5411
2016,12,AUSTRALIA,AU,362697706
2016,12,AUSTRIA,AT,40464766
2016,12,AZERBAIJAN,AZ,4383
2016,12,BAHAMAS,BS,15915
2016,12,BAHRAIN,BH,35225999
2016,12,BANGLADESH,BD,13310382
2016,12,BARBADOS,BB,951
2016,12,BELARUS,BY,4501636
2016,12,BELGIUM,BE,44942475
2016,12,BELIZE,BZ,0
2016,12,BENIN,BJ,0
2016,12,BERMUDA,BM,0
2016,12,BHUTAN,BT,1029
2016,12,BOLIVIA,BO,980315
2016,12,BOSNIA - HERZEGOVINA,BA,353
2016,12,BOTSWANA,BW,0
2016,12,BRAZIL,BR,207372453
2016,12,BRITISH VIRGIN ISLANDS,VG,0
2016,12,BRUNEI DARUSSALAM,BN,4001557
2016,12,BULGARIA,BG,2923834
2016,12,BURKINA FASO,BF,184846
2016,12,CAMBODIA,KH,16469055
2016,12,CAMEROON,CM,7775830
2016,12,CANADA,CA,59422863
2016,12,CAPE VERDE,CV,0
2016,12,CENTRAL AFRICAN REPUBLIC,CF,155865
2016,12,CHILE,CL,11241599
2016,12,CHRISTMAS ISLAND (IND.OCEAN),CX,0
2016,12,COLOMBIA,CO,3925899
2016,12,COMOROS,KM,0
2016,12,CONGO,CG,1061159
2016,12,"CONGO, THE DEMOCRATIC REPUBLIC (ZAIRE)",CD,12982499
2016,12,COOK ISLANDS,CK,0
2016,12,COSTA RICA,CR,1639023
2016,12,COTE D'IVOIRE,CI,34310273
2016,12,CROATIA,HR,393267
2016,12,CUBA,CU,161585
2016,12,CURACAO,CW,375
2016,12,CYPRUS,CY,686754
2016,12,CZECH REPUBLIC,CZ,14742199
2016,12,DEM. PEOPLE'S REP. OF KOREA,KP,0
2016,12,DENMARK,DK,13302733
2016,12,DJIBOUTI,DJ,0
2016,12,DOMINICA,DM,0
2016,12,DOMINICAN REPUBLIC,DO,562993
2016,12,ECUADOR,EC,6768434
2016,12,EGYPT,EG,18327230
2016,12,EL SALVADOR,SV,674
2016,12,EQUATORIAL GUINEA,GQ,0
2016,12,ERITREA,ER,0
2016,12,ESTONIA,EE,406341
2016,12,ETHIOPIA,ET,45594
2016,12,FAEROE ISLANDS,FO,33767
2016,12,FED. STATES OF MICRONESIA,FM,0
2016,12,FEDERAL REPUBLIC OF GERMANY,DE,450994156
2016,12,FIJI,FJ,32607
2016,12,FINLAND,FI,11251308
2016,12,FRANCE,FR,132447009
2016,12,FRENCH POLYNESIA,PF,0
2016,12,GABON,GA,35125343
2016,12,GAMBIA,GM,0
2016,12,GEORGIA,GE,164585
2016,12,GHANA,GH,17237508
2016,12,GIBRALTAR,GI,0
2016,12,GREECE,GR,2214232
2016,12,GREENLAND,GL,759
2016,12,GRENADA,GD,0
2016,12,GUADELOUPE,GP,0
2016,12,GUAM,GU,481
2016,12,GUATEMALA,GT,283202
2016,12,GUINEA,GN,88211
2016,12,GUINEA-BISSAU,GW,0
2016,12,GUYANA,GY,46652
2016,12,HAITI,HT,0
2016,12,HONDURAS,HN,16542
2016,12,HONG KONG,HK,264052854
2016,12,HUNGARY,HU,12541747
2016,12,ICELAND,IS,2016
2016,12,INDIA,IN,382638289
2016,12,IRAQ,IQ,39676045
2016,12,IRELAND,IE,60567929
2016,12,ISLAMIC REP. OF IRAN,IR,3865769
2016,12,ITALY,IT,124817148
2016,12,JAMAICA,JM,24176
2016,12,JAPAN,JP,1170275611
2016,12,JORDAN,JO,2772065
2016,12,KAZAKHSTAN,KZ,490797
2016,12,KENYA,KE,1430416
2016,12,KIRIBATI,KI,304267
2016,12,KUWAIT,KW,8415868
2016,12,KYRGYZSTAN,KG,0
2016,12,LATVIA,LV,685546
2016,12,LEBANON,LB,1271791
2016,12,LESOTHO,LS,0
2016,12,LIBERIA,LR,198918
2016,12,LIBYAN ARAB JAMAHIRIYA,LY,147183
2016,12,LIECHTENSTEIN,LI,6175
2016,12,LITHUANIA,LT,35114103
2016,12,LUXEMBOURG,LU,2010134
2016,12,MACAU,MO,927300
2016,12,MACEDONIA,MK,58911
2016,12,MADAGASCAR,MG,514227
2016,12,MALAWI,MW,308213
2016,12,"MALAYSIA, PENINSULAR",MY,1440863
2016,12,MALDIVES,MV,619723
2016,12,MALI,ML,0
2016,12,MALTA,MT,1574212
2016,12,MARSHALL ISLANDS,MH,0
2016,12,MARTINIQUE,MQ,0
2016,12,MAURITANIA,MR,0
2016,12,MAURITIUS,MU,149120
2016,12,MAYOTTE,YT,0
2016,12,MEXICO,MX,46104643
2016,12,MONACO,MC,108
2016,12,MONTENEGRO,ME,0
2016,12,MOROCCO,MA,2794990
2016,12,MOZAMBIQUE,MZ,2197070
2016,12,NAMIBIA,NA,116975
2016,12,NAURU,NR,0
2016,12,NEPAL,NP,81597
2016,12,NETHERLANDS,NL,251131871
2016,12,NEW CALEDONIA,NC,0
2016,12,NEW ZEALAND,NZ,72257739
2016,12,NICARAGUA,NI,77649
2016,12,NIGER,NE,0
2016,12,NIGERIA,NG,13851771
2016,12,NORTHERN MARIANA ISLANDS,MP,0
2016,12,NORWAY,NO,20679796
2016,12,OMAN,OM,26392990
2016,12,"OTHER COUNTRIES, NES.",ZZ,1348247
2016,12,PAKISTAN,PK,16073925
2016,12,PALESTINE,PS,0
2016,12,PANAMA,PA,3444959
2016,12,PAPUA NEW GUINEA,PG,19848736
2016,12,PARAGUAY,PY,0
2016,12,PEOPLE'S DEM. REP. LAO,LA,407778
2016,12,PEOPLE'S REP. OF MONGOLIA,MN,227838
2016,12,PEOPLE'S REPUBLIC OF CHINA,CN,3229613684
2016,12,PERU,PE,14413075
2016,12,PHILIPPINES,PH,156458628
2016,12,POLAND,PL,18930837
2016,12,PORTUGAL,PT,4675359
2016,12,PUERTO RICO,PR,25121
2016,12,QATAR,QA,61926808
2016,12,REPUBLIC OF INDONESIA,ID,676744127
2016,12,REPUBLIC OF KOREA,KR,656818500
2016,12,REPUBLIC OF MOLDOVA,MD,869343
2016,12,REPUBLIC OF SINGAPORE,SG,1376037879
2016,12,REPUBLIC OF SOUTH AFRICA,ZA,25261053
2016,12,REPUBLIC OF SRI LANKA,LK,6290943
2016,12,REPUBLIC OF YEMEN,YE,1059735
2016,12,REUNION ISLANDS,RE,16970
2016,12,ROMANIA,RO,2351855
2016,12,RUSSIAN FEDERATION,RU,36820914
2016,12,RWANDA,RW,2094047
2016,12,SAINT LUCIA,LC,0
2016,12,SAINT VINCENT/GRENADINES,VC,0
2016,12,SAUDI ARABIA,SA,286006328
2016,12,SENEGAL,SN,16232
2016,12,SERBIA,RS,126162
2016,12,SEYCHELLES,SC,705207
2016,12,SIERRA LEONE,SL,0
2016,12,SLOVAKIA,SK,2180540
2016,12,SLOVENIA,SI,1333865
2016,12,SOCIALIST REP. OF VIET NAM,VN,469874903
2016,12,SOLOMON ISLANDS,SB,832453
2016,12,SOMALIA,SO,0
2016,12,SPAIN,ES,50278010
2016,12,SUDAN,SD,54548
2016,12,SURINAME,SR,33690
2016,12,SW,SW,174829
2016,12,SWAZILAND,SZ,0
2016,12,SWEDEN,SE,42101625
2016,12,SWITZERLAND,CH,203203528
2016,12,SYRIAN ARAB REPUBLIC,SY,115424
2016,12,TAIWAN,TW,895242239
2016,12,TAJIKISTAN,TJ,0
2016,12,THAILAND,TH,891116697
2016,12,TIMOR LESTE,TL,28180
2016,12,TOGO,TG,0
2016,12,TONGA,TO,0
2016,12,TRINIDAD AND TOBAGO,TT,10243
2016,12,TUNISIA,TN,298929
2016,12,TURKEY,TR,27046849
2016,12,TURKMENISTAN,TM,10046
2016,12,TUVALU,TV,0
2016,12,UGANDA,UG,2250494
2016,12,UKRAINE,UA,7045436
2016,12,UNION OF MYANMAR,MM,16451632
2016,12,UNITED ARAB EMIRATES,AE,242884358
2016,12,UNITED KINGDOM,GB,136487520
2016,12,UNITED REP. OF TANZANIA,TZ,3550002
2016,12,UNITED STATES OF AMERICA,US,1157759666
2016,12,URUGUAY,UY,867593
2016,12,UZBEKISTAN,UZ,360
2016,12,VANUATU,VU,307618
2016,12,VENEZUELA,VE,22124814
2016,12,WESTERN SAMOA,WS,0
2016,12,ZAMBIA,ZM,862212
2016,12,ZIMBABWE,ZW,143476
,,,,
"Note:
i. Source : Department Of Statistics Malaysia
ii. Compiled By MATRADE
iii. Exchange rate average for the period based on Bank Negara Malaysia",,,,
