Malaysia's Export Destinations ,,,,
,,,,
Year,Month,Country,Country Code,Total Export (USD)
2016,1,AFGHANISTAN,AF,6533359
2016,1,ALBANIA,AL,95077
2016,1,ALGERIA,DZ,11758400
2016,1,AMERICAN SAMOA,AS,39681
2016,1,ANDORRA,AD,72293
2016,1,ANGOLA,AO,8731875
2016,1,ANGUILLA,AI,4578
2016,1,ANTIGUA & BARBUDA,AG,399412
2016,1,ARGENTINA,AR,12524335
2016,1,ARMENIA,AM,195464
2016,1,ARUBA,AW,26220
2016,1,AUSTRALIA,AU,500157200
2016,1,AUSTRIA,AT,9958516
2016,1,AZERBAIJAN,AZ,1812406
2016,1,BAHAMAS,BS,254562
2016,1,BAHRAIN,BH,4144108
2016,1,BANGLADESH,BD,79600614
2016,1,BARBADOS,BB,107154
2016,1,BELARUS,BY,1660
2016,1,BELGIUM,BE,76072539
2016,1,BELIZE,BZ,146955
2016,1,BENIN,BJ,13730284
2016,1,BERMUDA,BM,1756
2016,1,BHUTAN,BT,263306
2016,1,BOLIVIA,BO,57556
2016,1,BOSNIA - HERZEGOVINA,BA,2793
2016,1,BOTSWANA,BW,536091
2016,1,BRAZIL,BR,60837338
2016,1,BRITISH VIRGIN ISLANDS,VG,25355
2016,1,BRUNEI DARUSSALAM,BN,42249151
2016,1,BULGARIA,BG,5559749
2016,1,BURKINA FASO,BF,359
2016,1,CAMBODIA,KH,43943322
2016,1,CAMEROON,CM,795461
2016,1,CANADA,CA,54307996
2016,1,CAYMAN ISLANDS,KY,217052
2016,1,CENTRAL AFRICAN REPUBLIC,CF,603336
2016,1,CHILE,CL,22092794
2016,1,CHRISTMAS ISLAND (IND.OCEAN),CX,7274
2016,1,COLOMBIA,CO,3604871
2016,1,COMOROS,KM,232044
2016,1,CONGO,CG,1043978
2016,1,"CONGO, THE DEMOCRATIC REPUBLIC (ZAIRE)",CD,944780
2016,1,COSTA RICA,CR,3945432
2016,1,COTE D'IVOIRE,CI,2596585
2016,1,CROATIA,HR,921755
2016,1,CUBA,CU,677297
2016,1,CURACAO,CW,11864
2016,1,CYPRUS,CY,652675
2016,1,CZECH REPUBLIC,CZ,24920668
2016,1,DEM. PEOPLE'S REP. OF KOREA,KP,35402
2016,1,DENMARK,DK,10944830
2016,1,DJIBOUTI,DJ,5918512
2016,1,DOMINICA,DM,43056
2016,1,DOMINICAN REPUBLIC,DO,2567043
2016,1,ECUADOR,EC,909753
2016,1,EGYPT,EG,35548905
2016,1,EL SALVADOR,SV,1027776
2016,1,EQUATORIAL GUINEA,GQ,1228790
2016,1,ERITREA,ER,49943
2016,1,ESTONIA,EE,3142701
2016,1,ETHIOPIA,ET,4183255
2016,1,FED. STATES OF MICRONESIA,FM,2278
2016,1,FEDERAL REPUBLIC OF GERMANY,DE,394615831
2016,1,FIJI,FJ,4382947
2016,1,FINLAND,FI,9171434
2016,1,FRANCE,FR,115086325
2016,1,FRENCH POLYNESIA,PF,292058
2016,1,GABON,GA,2792677
2016,1,GAMBIA,GM,2112476
2016,1,GEORGIA,GE,673430
2016,1,GHANA,GH,4915695
2016,1,GIBRALTAR,GI,1751
2016,1,GREECE,GR,24266679
2016,1,GRENADA,GD,322733
2016,1,GUADELOUPE,GP,146588
2016,1,GUAM,GU,170789
2016,1,GUATEMALA,GT,3098141
2016,1,GUINEA,GN,3080986
2016,1,GUINEA-BISSAU,GW,106811
2016,1,GUYANA,GY,659319
2016,1,HAITI,HT,347868
2016,1,HONDURAS,HN,1423055
2016,1,HONG KONG,HK,665353397
2016,1,HUNGARY,HU,17677135
2016,1,ICELAND,IS,57576
2016,1,INDIA,IN,589414481
2016,1,IRAQ,IQ,6090663
2016,1,IRELAND,IE,12416478
2016,1,ISLAMIC REP. OF IRAN,IR,39871698
2016,1,ITALY,IT,84152518
2016,1,JAMAICA,JM,1277040
2016,1,JAPAN,JP,1268015456
2016,1,JORDAN,JO,12097248
2016,1,KAZAKHSTAN,KZ,2126991
2016,1,KENYA,KE,14378842
2016,1,KIRIBATI,KI,34810
2016,1,KUWAIT,KW,15088850
2016,1,KYRGYZSTAN,KG,53408
2016,1,LATVIA,LV,6357191
2016,1,LEBANON,LB,4842918
2016,1,LESOTHO,LS,0
2016,1,LIBERIA,LR,4404349
2016,1,LIBYAN ARAB JAMAHIRIYA,LY,1465354
2016,1,LIECHTENSTEIN,LI,17262
2016,1,LITHUANIA,LT,3827089
2016,1,LUXEMBOURG,LU,765887
2016,1,MACAU,MO,3205506
2016,1,MACEDONIA,MK,9675
2016,1,MADAGASCAR,MG,4561779
2016,1,MALAWI,MW,177527
2016,1,"MALAYSIA, PENINSULAR",MY,0
2016,1,MALDIVES,MV,7684517
2016,1,MALI,ML,223570
2016,1,MALTA,MT,2131585
2016,1,MARSHALL ISLANDS,MH,28592
2016,1,MARTINIQUE,MQ,127940
2016,1,MAURITANIA,MR,5716525
2016,1,MAURITIUS,MU,5946105
2016,1,MAYOTTE,YT,6049673
2016,1,MEXICO,MX,144042129
2016,1,MONACO,MC,408
2016,1,MONTENEGRO,ME,37624
2016,1,MOROCCO,MA,3439764
2016,1,MOZAMBIQUE,MZ,4276260
2016,1,NAMIBIA,NA,92303
2016,1,NAURU,NR,57858
2016,1,NEPAL,NP,2925452
2016,1,NETHERLANDS,NL,415476121
2016,1,NEW CALEDONIA,NC,5607688
2016,1,NEW ZEALAND,NZ,48579560
2016,1,NICARAGUA,NI,1317501
2016,1,NIGER,NE,709037
2016,1,NIGERIA,NG,77100432
2016,1,NORTHERN MARIANA ISLANDS,MP,98130
2016,1,NORWAY,NO,9620659
2016,1,OMAN,OM,15199557
2016,1,"OTHER COUNTRIES, NES.",ZZ,664183
2016,1,PAKISTAN,PK,89786587
2016,1,PALAU,PW,7512
2016,1,PALESTINE,PS,233652
2016,1,PANAMA,PA,4542558
2016,1,PAPUA NEW GUINEA,PG,25901376
2016,1,PARAGUAY,PY,4926219
2016,1,PEOPLE'S DEM. REP. LAO,LA,2310336
2016,1,PEOPLE'S REP. OF MONGOLIA,MN,595256
2016,1,PEOPLE'S REPUBLIC OF CHINA,CN,1499089238
2016,1,PERU,PE,5382895
2016,1,PHILIPPINES,PH,262704323
2016,1,POLAND,PL,27119223
2016,1,PORTUGAL,PT,5555171
2016,1,PUERTO RICO,PR,571834
2016,1,QATAR,QA,12347809
2016,1,REPUBLIC OF INDONESIA,ID,527222782
2016,1,REPUBLIC OF KOREA,KR,464335736
2016,1,REPUBLIC OF MOLDOVA,MD,55174
2016,1,REPUBLIC OF SINGAPORE,SG,2070221203
2016,1,REPUBLIC OF SOUTH AFRICA,ZA,43058838
2016,1,REPUBLIC OF SRI LANKA,LK,44404529
2016,1,REPUBLIC OF YEMEN,YE,10164254
2016,1,REUNION ISLANDS,RE,773902
2016,1,ROMANIA,RO,8354880
2016,1,RUSSIAN FEDERATION,RU,34679679
2016,1,RWANDA,RW,35401
2016,1,SAINT LUCIA,LC,37180
2016,1,SAINT VINCENT/GRENADINES,VC,106481
2016,1,SAN MARINO,SM,0
2016,1,SAO TOME AND PRINCIPE,ST,37230
2016,1,SAUDI ARABIA,SA,51714307
2016,1,SENEGAL,SN,3543937
2016,1,SERBIA,RS,528877
2016,1,SEYCHELLES,SC,9479581
2016,1,SIERRA LEONE,SL,880772
2016,1,SLOVAKIA,SK,4974652
2016,1,SLOVENIA,SI,7890480
2016,1,SOCIALIST REP. OF VIET NAM,VN,295716907
2016,1,SOLOMON ISLANDS,SB,2779894
2016,1,SOMALIA,SO,7266432
2016,1,SPAIN,ES,46725288
2016,1,SUDAN,SD,2584455
2016,1,SURINAME,SR,386373
2016,1,SW,SW,0
2016,1,SWAZILAND,SZ,34346
2016,1,SWEDEN,SE,24454411
2016,1,SWITZERLAND,CH,36843107
2016,1,SYRIAN ARAB REPUBLIC,SY,2439917
2016,1,TAIWAN,TW,338629569
2016,1,TAJIKISTAN,TJ,30783
2016,1,THAILAND,TH,930516142
2016,1,TIMOR LESTE,TL,6519895
2016,1,TOGO,TG,2218991
2016,1,TONGA,TO,127436
2016,1,TRINIDAD AND TOBAGO,TT,3124720
2016,1,TUNISIA,TN,4017628
2016,1,TURKEY,TR,133728042
2016,1,TURKMENISTAN,TM,945840
2016,1,TUVALU,TV,12583
2016,1,U.S. MINOR OUTLYING ISLANDS,UM,77540
2016,1,UGANDA,UG,1790227
2016,1,UKRAINE,UA,14577636
2016,1,UNION OF MYANMAR,MM,52459133
2016,1,UNITED ARAB EMIRATES,AE,291224305
2016,1,UNITED KINGDOM,GB,166828578
2016,1,UNITED REP. OF TANZANIA,TZ,21339638
2016,1,UNITED STATES OF AMERICA,US,1456820553
2016,1,URUGUAY,UY,1797813
2016,1,UZBEKISTAN,UZ,8218267
2016,1,VANUATU,VU,110116
2016,1,VENEZUELA,VE,460206
2016,1,WESTERN SAMOA,WS,434516
2016,1,ZAMBIA,ZM,190309
2016,1,ZIMBABWE,ZW,202226
2016,2,AFGHANISTAN,AF,5230578
2016,2,ALBANIA,AL,146522
2016,2,ALGERIA,DZ,15090751
2016,2,AMERICAN SAMOA,AS,292110
2016,2,ANDORRA,AD,27453
2016,2,ANGOLA,AO,5392352
2016,2,ANTIGUA & BARBUDA,AG,81446
2016,2,ARGENTINA,AR,13175540
2016,2,ARMENIA,AM,400547
2016,2,ARUBA,AW,127413
2016,2,AUSTRALIA,AU,487647802
2016,2,AUSTRIA,AT,10402927
2016,2,AZERBAIJAN,AZ,153927
2016,2,BAHAMAS,BS,430908
2016,2,BAHRAIN,BH,5677795
2016,2,BANGLADESH,BD,65388194
2016,2,BARBADOS,BB,117599
2016,2,BELARUS,BY,130018
2016,2,BELGIUM,BE,65386303
2016,2,BELIZE,BZ,215946
2016,2,BENIN,BJ,18504360
2016,2,BERMUDA,BM,3675
2016,2,BHUTAN,BT,149115
2016,2,BOLIVIA,BO,727575
2016,2,BOSNIA - HERZEGOVINA,BA,40553
2016,2,BOTSWANA,BW,191573
2016,2,BRAZIL,BR,53264710
2016,2,BRITISH INDIAN OCEAN TERR.,IO,773
2016,2,BRITISH VIRGIN ISLANDS,VG,12947
2016,2,BRUNEI DARUSSALAM,BN,33054281
2016,2,BULGARIA,BG,4464227
2016,2,BURKINA FASO,BF,73060
2016,2,CAMBODIA,KH,15001587
2016,2,CAMEROON,CM,1902952
2016,2,CANADA,CA,48252058
2016,2,CAPE VERDE,CV,28145
2016,2,CAYMAN ISLANDS,KY,24508
2016,2,CENTRAL AFRICAN REPUBLIC,CF,210643
2016,2,CHAD,TD,224527
2016,2,CHILE,CL,10272138
2016,2,CHRISTMAS ISLAND (IND.OCEAN),CX,0
2016,2,COLOMBIA,CO,4696596
2016,2,COMOROS,KM,245977
2016,2,CONGO,CG,2032821
2016,2,"CONGO, THE DEMOCRATIC REPUBLIC (ZAIRE)",CD,775229
2016,2,COSTA RICA,CR,3082823
2016,2,COTE D'IVOIRE,CI,2548978
2016,2,CROATIA,HR,1431445
2016,2,CUBA,CU,577360
2016,2,CURACAO,CW,27016
2016,2,CYPRUS,CY,345935
2016,2,CZECH REPUBLIC,CZ,23180996
2016,2,DEM. PEOPLE'S REP. OF KOREA,KP,114491
2016,2,DENMARK,DK,8768695
2016,2,DJIBOUTI,DJ,8594274
2016,2,DOMINICA,DM,4045
2016,2,DOMINICAN REPUBLIC,DO,2530656
2016,2,ECUADOR,EC,854772
2016,2,EGYPT,EG,45322392
2016,2,EL SALVADOR,SV,1638705
2016,2,EQUATORIAL GUINEA,GQ,226632
2016,2,ESTONIA,EE,2640411
2016,2,ETHIOPIA,ET,11117185
2016,2,FED. STATES OF MICRONESIA,FM,31845
2016,2,FEDERAL REPUBLIC OF GERMANY,DE,426811157
2016,2,FIJI,FJ,4953951
2016,2,FINLAND,FI,9119033
2016,2,FRANCE,FR,108572049
2016,2,FRENCH POLYNESIA,PF,268368
2016,2,GABON,GA,1957756
2016,2,GAMBIA,GM,2046445
2016,2,GEORGIA,GE,950961
2016,2,GHANA,GH,6202239
2016,2,GIBRALTAR,GI,3039
2016,2,GREECE,GR,30595052
2016,2,GREENLAND,GL,0
2016,2,GRENADA,GD,199232
2016,2,GUADELOUPE,GP,365872
2016,2,GUAM,GU,310501
2016,2,GUATEMALA,GT,3070532
2016,2,GUINEA,GN,817369
2016,2,GUINEA-BISSAU,GW,256176
2016,2,GUYANA,GY,181875
2016,2,HAITI,HT,237239
2016,2,HEARD AND MCDONALD ISLANDS,HM,0
2016,2,HONDURAS,HN,907315
2016,2,HONG KONG,HK,638129595
2016,2,HUNGARY,HU,17936300
2016,2,ICELAND,IS,65983
2016,2,INDIA,IN,501027089
2016,2,IRAQ,IQ,5567043
2016,2,IRELAND,IE,11155480
2016,2,ISLAMIC REP. OF IRAN,IR,49096278
2016,2,ITALY,IT,66051402
2016,2,JAMAICA,JM,1340083
2016,2,JAPAN,JP,1335674406
2016,2,JORDAN,JO,11238787
2016,2,KAZAKHSTAN,KZ,2795577
2016,2,KENYA,KE,17586116
2016,2,KIRIBATI,KI,27195
2016,2,KUWAIT,KW,18962605
2016,2,KYRGYZSTAN,KG,137629
2016,2,LATVIA,LV,4318159
2016,2,LEBANON,LB,4627776
2016,2,LESOTHO,LS,5745
2016,2,LIBERIA,LR,1708400
2016,2,LIBYAN ARAB JAMAHIRIYA,LY,1493795
2016,2,LIECHTENSTEIN,LI,19557
2016,2,LITHUANIA,LT,2736955
2016,2,LUXEMBOURG,LU,533214
2016,2,MACAU,MO,1723814
2016,2,MACEDONIA,MK,53805
2016,2,MADAGASCAR,MG,6969132
2016,2,MALAWI,MW,3200637
2016,2,"MALAYSIA, PENINSULAR",MY,0
2016,2,MALDIVES,MV,8489097
2016,2,MALI,ML,35957
2016,2,MALTA,MT,1941349
2016,2,MARSHALL ISLANDS,MH,45995
2016,2,MARTINIQUE,MQ,51935
2016,2,MAURITANIA,MR,1894529
2016,2,MAURITIUS,MU,4547206
2016,2,MAYOTTE,YT,121285
2016,2,MEXICO,MX,126970701
2016,2,MONTENEGRO,ME,68263
2016,2,MOROCCO,MA,6098926
2016,2,MOZAMBIQUE,MZ,5009793
2016,2,NAMIBIA,NA,1053876
2016,2,NAURU,NR,1806
2016,2,NEPAL,NP,4194402
2016,2,NETHERLANDS,NL,398951919
2016,2,NEW CALEDONIA,NC,849010
2016,2,NEW ZEALAND,NZ,52753961
2016,2,NICARAGUA,NI,1229833
2016,2,NIGER,NE,266585
2016,2,NIGERIA,NG,38312008
2016,2,NORFOLK ISLAND,NF,21544
2016,2,NORTHERN MARIANA ISLANDS,MP,143363
2016,2,NORWAY,NO,6954833
2016,2,OMAN,OM,14467244
2016,2,"OTHER COUNTRIES, NES.",ZZ,1495332
2016,2,PAKISTAN,PK,50692288
2016,2,PALAU,PW,10685
2016,2,PALESTINE,PS,226050
2016,2,PANAMA,PA,7655495
2016,2,PAPUA NEW GUINEA,PG,21261410
2016,2,PARAGUAY,PY,467070
2016,2,PEOPLE'S DEM. REP. LAO,LA,1178287
2016,2,PEOPLE'S REP. OF MONGOLIA,MN,807689
2016,2,PEOPLE'S REPUBLIC OF CHINA,CN,1549478126
2016,2,PERU,PE,6597977
2016,2,PHILIPPINES,PH,261576787
2016,2,POLAND,PL,21351048
2016,2,PORTUGAL,PT,4659914
2016,2,PUERTO RICO,PR,719637
2016,2,QATAR,QA,9381437
2016,2,REPUBLIC OF INDONESIA,ID,485769634
2016,2,REPUBLIC OF KOREA,KR,530868537
2016,2,REPUBLIC OF MOLDOVA,MD,64233
2016,2,REPUBLIC OF SINGAPORE,SG,1897714235
2016,2,REPUBLIC OF SOUTH AFRICA,ZA,46407447
2016,2,REPUBLIC OF SRI LANKA,LK,34759250
2016,2,REPUBLIC OF YEMEN,YE,11177983
2016,2,REUNION ISLANDS,RE,824078
2016,2,ROMANIA,RO,6799932
2016,2,RUSSIAN FEDERATION,RU,44426275
2016,2,RWANDA,RW,109319
2016,2,SAINT KITTS & NEVIS,KN,2442
2016,2,SAINT LUCIA,LC,15608
2016,2,SAINT VINCENT/GRENADINES,VC,101257
2016,2,SAUDI ARABIA,SA,67807142
2016,2,SENEGAL,SN,4045317
2016,2,SERBIA,RS,295020
2016,2,SEYCHELLES,SC,625937
2016,2,SIERRA LEONE,SL,719030
2016,2,SLOVAKIA,SK,4058583
2016,2,SLOVENIA,SI,8607259
2016,2,SOCIALIST REP. OF VIET NAM,VN,303033035
2016,2,SOLOMON ISLANDS,SB,1261992
2016,2,SOMALIA,SO,4207249
2016,2,SOUTH SUDAN,SS,4210
2016,2,SPAIN,ES,26062285
2016,2,SUDAN,SD,2886316
2016,2,SURINAME,SR,94280
2016,2,SW,SW,0
2016,2,SWAZILAND,SZ,42826
2016,2,SWEDEN,SE,27716258
2016,2,SWITZERLAND,CH,30578987
2016,2,SYRIAN ARAB REPUBLIC,SY,3844588
2016,2,TAIWAN,TW,314826289
2016,2,TAJIKISTAN,TJ,72704
2016,2,THAILAND,TH,783772073
2016,2,TIMOR LESTE,TL,979822
2016,2,TOGO,TG,3173991
2016,2,TONGA,TO,268063
2016,2,TRINIDAD AND TOBAGO,TT,1599544
2016,2,TUNISIA,TN,5166837
2016,2,TURKEY,TR,109026662
2016,2,TURKMENISTAN,TM,770441
2016,2,TUVALU,TV,50576
2016,2,U.S. MINOR OUTLYING ISLANDS,UM,442
2016,2,UGANDA,UG,521917
2016,2,UKRAINE,UA,7176437
2016,2,UNION OF MYANMAR,MM,63352073
2016,2,UNITED ARAB EMIRATES,AE,221913561
2016,2,UNITED KINGDOM,GB,147632206
2016,2,UNITED REP. OF TANZANIA,TZ,18244233
2016,2,UNITED STATES OF AMERICA,US,1416515078
2016,2,UNITED STATES VIRGIN ISLANDS,VI,1797
2016,2,URUGUAY,UY,1589496
2016,2,UZBEKISTAN,UZ,10247558
2016,2,VANUATU,VU,157307
2016,2,VENEZUELA,VE,134624
2016,2,WALLIS AND FUTUNA ISLANDS,WF,10737
2016,2,WESTERN SAMOA,WS,301809
2016,2,ZAMBIA,ZM,139559
2016,2,ZIMBABWE,ZW,124703
2016,3,AFGHANISTAN,AF,5163904
2016,3,ALBANIA,AL,198939
2016,3,ALGERIA,DZ,10799646
2016,3,AMERICAN SAMOA,AS,78105
2016,3,ANGOLA,AO,9548072
2016,3,ANGUILLA,AI,0
2016,3,ANTIGUA & BARBUDA,AG,102420
2016,3,ARGENTINA,AR,13569948
2016,3,ARMENIA,AM,605109
2016,3,ARUBA,AW,363389
2016,3,AUSTRALIA,AU,599760297
2016,3,AUSTRIA,AT,10530838
2016,3,AZERBAIJAN,AZ,521004
2016,3,BAHAMAS,BS,624886
2016,3,BAHRAIN,BH,5822978
2016,3,BANGLADESH,BD,109826344
2016,3,BARBADOS,BB,131499
2016,3,BELARUS,BY,176946
2016,3,BELGIUM,BE,78020969
2016,3,BELIZE,BZ,220586
2016,3,BENIN,BJ,30703857
2016,3,BERMUDA,BM,1304
2016,3,BHUTAN,BT,73014
2016,3,BOLIVIA,BO,470658
2016,3,BOSNIA - HERZEGOVINA,BA,813
2016,3,BOTSWANA,BW,271677
2016,3,BRAZIL,BR,65608255
2016,3,BRITISH VIRGIN ISLANDS,VG,0
2016,3,BRUNEI DARUSSALAM,BN,46622058
2016,3,BULGARIA,BG,5097223
2016,3,BURKINA FASO,BF,2169
2016,3,CAMBODIA,KH,30043866
2016,3,CAMEROON,CM,1171021
2016,3,CANADA,CA,58920247
2016,3,CAPE VERDE,CV,75327
2016,3,CAYMAN ISLANDS,KY,21086
2016,3,CENTRAL AFRICAN REPUBLIC,CF,144271
2016,3,CHAD,TD,550
2016,3,CHILE,CL,11401494
2016,3,CHRISTMAS ISLAND (IND.OCEAN),CX,89316
2016,3,COLOMBIA,CO,6669316
2016,3,COMOROS,KM,445545
2016,3,CONGO,CG,1871021
2016,3,"CONGO, THE DEMOCRATIC REPUBLIC (ZAIRE)",CD,846130
2016,3,COOK ISLANDS,CK,10484
2016,3,COSTA RICA,CR,2824583
2016,3,COTE D'IVOIRE,CI,8816820
2016,3,CROATIA,HR,972102
2016,3,CUBA,CU,446146
2016,3,CURACAO,CW,113308
2016,3,CYPRUS,CY,751927
2016,3,CZECH REPUBLIC,CZ,26376779
2016,3,DEM. PEOPLE'S REP. OF KOREA,KP,760122
2016,3,DENMARK,DK,13869537
2016,3,DJIBOUTI,DJ,5602297
2016,3,DOMINICA,DM,74288
2016,3,DOMINICAN REPUBLIC,DO,2674748
2016,3,ECUADOR,EC,1285274
2016,3,EGYPT,EG,42395425
2016,3,EL SALVADOR,SV,996721
2016,3,EQUATORIAL GUINEA,GQ,1112613
2016,3,ERITREA,ER,455220
2016,3,ESTONIA,EE,3380909
2016,3,ETHIOPIA,ET,11454152
2016,3,FED. STATES OF MICRONESIA,FM,87262
2016,3,FEDERAL REPUBLIC OF GERMANY,DE,467099187
2016,3,FIJI,FJ,3994623
2016,3,FINLAND,FI,9841919
2016,3,FRANCE,FR,128718037
2016,3,FRENCH GUIANA,GF,142943
2016,3,FRENCH POLYNESIA,PF,422400
2016,3,GABON,GA,1640607
2016,3,GAMBIA,GM,1594922
2016,3,GEORGIA,GE,1223001
2016,3,GHANA,GH,24034152
2016,3,GIBRALTAR,GI,2895
2016,3,GREECE,GR,18890267
2016,3,GREENLAND,GL,0
2016,3,GRENADA,GD,420947
2016,3,GUADELOUPE,GP,163665
2016,3,GUAM,GU,182635
2016,3,GUATEMALA,GT,2102880
2016,3,GUINEA,GN,1018090
2016,3,GUINEA-BISSAU,GW,139780
2016,3,GUYANA,GY,264486
2016,3,HAITI,HT,912197
2016,3,HONDURAS,HN,948451
2016,3,HONG KONG,HK,819291153
2016,3,HUNGARY,HU,18550578
2016,3,ICELAND,IS,38916
2016,3,INDIA,IN,704163755
2016,3,IRAQ,IQ,8186784
2016,3,IRELAND,IE,13198923
2016,3,ISLAMIC REP. OF IRAN,IR,34168981
2016,3,ITALY,IT,86638634
2016,3,JAMAICA,JM,1910872
2016,3,JAPAN,JP,1506017464
2016,3,JORDAN,JO,7908456
2016,3,KAZAKHSTAN,KZ,3406175
2016,3,KENYA,KE,11465029
2016,3,KIRIBATI,KI,123713
2016,3,KUWAIT,KW,19464535
2016,3,KYRGYZSTAN,KG,77027
2016,3,LATVIA,LV,1726323
2016,3,LEBANON,LB,6427333
2016,3,LESOTHO,LS,138202
2016,3,LIBERIA,LR,1735662
2016,3,LIBYAN ARAB JAMAHIRIYA,LY,17408906
2016,3,LIECHTENSTEIN,LI,74449
2016,3,LITHUANIA,LT,2083668
2016,3,LUXEMBOURG,LU,729546
2016,3,MACAU,MO,1870247
2016,3,MACEDONIA,MK,34650
2016,3,MADAGASCAR,MG,6063092
2016,3,MALAWI,MW,2882975
2016,3,"MALAYSIA, PENINSULAR",MY,0
2016,3,MALDIVES,MV,9266305
2016,3,MALI,ML,166405
2016,3,MALTA,MT,1292465
2016,3,MARSHALL ISLANDS,MH,167241
2016,3,MARTINIQUE,MQ,166733
2016,3,MAURITANIA,MR,1297618
2016,3,MAURITIUS,MU,7072838
2016,3,MAYOTTE,YT,207107
2016,3,MEXICO,MX,142358759
2016,3,MONTENEGRO,ME,87474
2016,3,MOROCCO,MA,6452406
2016,3,MOZAMBIQUE,MZ,11261111
2016,3,NAMIBIA,NA,479729
2016,3,NEPAL,NP,2252877
2016,3,NETHERLANDS,NL,433522745
2016,3,NEW CALEDONIA,NC,934470
2016,3,NEW ZEALAND,NZ,59958428
2016,3,NICARAGUA,NI,360909
2016,3,NIGER,NE,402645
2016,3,NIGERIA,NG,95366597
2016,3,NORFOLK ISLAND,NF,5063
2016,3,NORTHERN MARIANA ISLANDS,MP,90295
2016,3,NORWAY,NO,10033175
2016,3,OMAN,OM,25332517
2016,3,"OTHER COUNTRIES, NES.",ZZ,1478572
2016,3,PAKISTAN,PK,94948197
2016,3,PALAU,PW,121425
2016,3,PALESTINE,PS,158360
2016,3,PANAMA,PA,10248235
2016,3,PAPUA NEW GUINEA,PG,42151242
2016,3,PARAGUAY,PY,1244879
2016,3,PEOPLE'S DEM. REP. LAO,LA,1580756
2016,3,PEOPLE'S REP. OF MONGOLIA,MN,2016035
2016,3,PEOPLE'S REPUBLIC OF CHINA,CN,1915687861
2016,3,PERU,PE,6701321
2016,3,PHILIPPINES,PH,290021468
2016,3,POLAND,PL,23147876
2016,3,PORTUGAL,PT,5918403
2016,3,PUERTO RICO,PR,718074
2016,3,QATAR,QA,10939957
2016,3,REPUBLIC OF INDONESIA,ID,555908522
2016,3,REPUBLIC OF KOREA,KR,480534696
2016,3,REPUBLIC OF MOLDOVA,MD,68657
2016,3,REPUBLIC OF SINGAPORE,SG,2287069501
2016,3,REPUBLIC OF SOUTH AFRICA,ZA,62516160
2016,3,REPUBLIC OF SRI LANKA,LK,40325474
2016,3,REPUBLIC OF YEMEN,YE,7304847
2016,3,REUNION ISLANDS,RE,1489479
2016,3,ROMANIA,RO,9812644
2016,3,RUSSIAN FEDERATION,RU,38985785
2016,3,RWANDA,RW,136881
2016,3,SAINT LUCIA,LC,13999
2016,3,SAO TOME AND PRINCIPE,ST,30307
2016,3,SAUDI ARABIA,SA,72796972
2016,3,SENEGAL,SN,4087605
2016,3,SERBIA,RS,279468
2016,3,SEYCHELLES,SC,917718
2016,3,SIERRA LEONE,SL,979646
2016,3,SLOVAKIA,SK,3900621
2016,3,SLOVENIA,SI,7570438
2016,3,SOCIALIST REP. OF VIET NAM,VN,491691551
2016,3,SOLOMON ISLANDS,SB,3364564
2016,3,SOMALIA,SO,6111711
2016,3,SPAIN,ES,58983487
2016,3,SUDAN,SD,3109442
2016,3,SURINAME,SR,70619
2016,3,SW,SW,0
2016,3,SWAZILAND,SZ,20911
2016,3,SWEDEN,SE,31758621
2016,3,SWITZERLAND,CH,28072568
2016,3,SYRIAN ARAB REPUBLIC,SY,2676394
2016,3,TAIWAN,TW,413866672
2016,3,TAJIKISTAN,TJ,162177
2016,3,THAILAND,TH,901327896
2016,3,TIMOR LESTE,TL,673284
2016,3,TOGO,TG,4464984
2016,3,TONGA,TO,264551
2016,3,TRINIDAD AND TOBAGO,TT,33883019
2016,3,TUNISIA,TN,4593815
2016,3,TURKEY,TR,125892688
2016,3,TURKMENISTAN,TM,362349
2016,3,TUVALU,TV,34632
2016,3,U.S. MINOR OUTLYING ISLANDS,UM,3443
2016,3,UGANDA,UG,787958
2016,3,UKRAINE,UA,5228151
2016,3,UNION OF MYANMAR,MM,104620990
2016,3,UNITED ARAB EMIRATES,AE,227811850
2016,3,UNITED KINGDOM,GB,186579242
2016,3,UNITED REP. OF TANZANIA,TZ,32447500
2016,3,UNITED STATES OF AMERICA,US,1669147295
2016,3,UNITED STATES VIRGIN ISLANDS,VI,353
2016,3,URUGUAY,UY,2464333
2016,3,UZBEKISTAN,UZ,5915175
2016,3,VANUATU,VU,156840
2016,3,VENEZUELA,VE,14778172
2016,3,WALLIS AND FUTUNA ISLANDS,WF,5571
2016,3,WESTERN SAMOA,WS,587848
2016,3,ZAMBIA,ZM,208444
2016,3,ZIMBABWE,ZW,2203499
2016,4,AFGHANISTAN,AF,4906330
2016,4,ALBANIA,AL,276585
2016,4,ALGERIA,DZ,11533224
2016,4,AMERICAN SAMOA,AS,356558
2016,4,ANGOLA,AO,9618559
2016,4,ANGUILLA,AI,604
2016,4,ANTIGUA & BARBUDA,AG,138272
2016,4,ARGENTINA,AR,12866099
2016,4,ARMENIA,AM,6486
2016,4,ARUBA,AW,50134
2016,4,AUSTRALIA,AU,614947031
2016,4,AUSTRIA,AT,14146660
2016,4,AZERBAIJAN,AZ,806523
2016,4,BAHAMAS,BS,546743
2016,4,BAHRAIN,BH,6689098
2016,4,BANGLADESH,BD,140953716
2016,4,BARBADOS,BB,268092
2016,4,BELARUS,BY,72582
2016,4,BELGIUM,BE,89745782
2016,4,BELIZE,BZ,269218
2016,4,BENIN,BJ,33867766
2016,4,BERMUDA,BM,3494
2016,4,BHUTAN,BT,40625
2016,4,BOLIVIA,BO,689775
2016,4,BOSNIA - HERZEGOVINA,BA,16353
2016,4,BOTSWANA,BW,608547
2016,4,BRAZIL,BR,57617478
2016,4,BRITISH VIRGIN ISLANDS,VG,0
2016,4,BRUNEI DARUSSALAM,BN,46864976
2016,4,BULGARIA,BG,6484148
2016,4,BURKINA FASO,BF,13412
2016,4,BURUNDI,BI,52684
2016,4,CAMBODIA,KH,21487495
2016,4,CAMEROON,CM,4748115
2016,4,CANADA,CA,55321198
2016,4,CAPE VERDE,CV,43271
2016,4,CAYMAN ISLANDS,KY,1496
2016,4,CENTRAL AFRICAN REPUBLIC,CF,32693
2016,4,CHILE,CL,11231297
2016,4,CHRISTMAS ISLAND (IND.OCEAN),CX,17878
2016,4,COLOMBIA,CO,6236126
2016,4,COMOROS,KM,471995
2016,4,CONGO,CG,4290451
2016,4,"CONGO, THE DEMOCRATIC REPUBLIC (ZAIRE)",CD,2313497
2016,4,COOK ISLANDS,CK,30397
2016,4,COSTA RICA,CR,3619020
2016,4,COTE D'IVOIRE,CI,5873202
2016,4,CROATIA,HR,1376703
2016,4,CUBA,CU,6392183
2016,4,CURACAO,CW,12986
2016,4,CYPRUS,CY,922675
2016,4,CZECH REPUBLIC,CZ,31481392
2016,4,DEM. PEOPLE'S REP. OF KOREA,KP,564043
2016,4,DENMARK,DK,13190924
2016,4,DJIBOUTI,DJ,10698912
2016,4,DOMINICA,DM,92743
2016,4,DOMINICAN REPUBLIC,DO,2280379
2016,4,ECUADOR,EC,1503997
2016,4,EGYPT,EG,47911495
2016,4,EL SALVADOR,SV,1447543
2016,4,EQUATORIAL GUINEA,GQ,1345384
2016,4,ERITREA,ER,1222824
2016,4,ESTONIA,EE,2614367
2016,4,ETHIOPIA,ET,4233222
2016,4,FED. STATES OF MICRONESIA,FM,24816
2016,4,FEDERAL REPUBLIC OF GERMANY,DE,445560013
2016,4,FIJI,FJ,4577964
2016,4,FINLAND,FI,7125599
2016,4,FRANCE,FR,119369625
2016,4,FRENCH GUIANA,GF,54347
2016,4,FRENCH POLYNESIA,PF,297039
2016,4,GABON,GA,3088913
2016,4,GAMBIA,GM,1457553
2016,4,GEORGIA,GE,4571324
2016,4,GHANA,GH,22186153
2016,4,GIBRALTAR,GI,3742
2016,4,GREECE,GR,7331245
2016,4,GRENADA,GD,1032161
2016,4,GUADELOUPE,GP,280216
2016,4,GUAM,GU,239026
2016,4,GUATEMALA,GT,1949498
2016,4,GUINEA,GN,7485578
2016,4,GUINEA-BISSAU,GW,340349
2016,4,GUYANA,GY,342102
2016,4,HAITI,HT,405522
2016,4,HONDURAS,HN,9029964
2016,4,HONG KONG,HK,798835811
2016,4,HUNGARY,HU,23484162
2016,4,ICELAND,IS,66376
2016,4,INDIA,IN,592185707
2016,4,IRAQ,IQ,6566696
2016,4,IRELAND,IE,9577021
2016,4,ISLAMIC REP. OF IRAN,IR,28389355
2016,4,ITALY,IT,91891657
2016,4,JAMAICA,JM,1585138
2016,4,JAPAN,JP,1132692757
2016,4,JORDAN,JO,9231488
2016,4,KAZAKHSTAN,KZ,4165747
2016,4,KENYA,KE,12652497
2016,4,KIRIBATI,KI,94086
2016,4,KUWAIT,KW,15086656
2016,4,KYRGYZSTAN,KG,341609
2016,4,LATVIA,LV,2348945
2016,4,LEBANON,LB,5975983
2016,4,LESOTHO,LS,427102
2016,4,LIBERIA,LR,7287985
2016,4,LIBYAN ARAB JAMAHIRIYA,LY,885519
2016,4,LIECHTENSTEIN,LI,280666
2016,4,LITHUANIA,LT,1812727
2016,4,LUXEMBOURG,LU,723646
2016,4,MACAU,MO,2135064
2016,4,MACEDONIA,MK,17851
2016,4,MADAGASCAR,MG,4706137
2016,4,MALAWI,MW,397675
2016,4,"MALAYSIA, PENINSULAR",MY,0
2016,4,MALDIVES,MV,10114521
2016,4,MALI,ML,152232
2016,4,MALTA,MT,2043602
2016,4,MARSHALL ISLANDS,MH,93024
2016,4,MARTINIQUE,MQ,146710
2016,4,MAURITANIA,MR,4241080
2016,4,MAURITIUS,MU,6806762
2016,4,MAYOTTE,YT,661056
2016,4,MEXICO,MX,172392101
2016,4,MONACO,MC,8626
2016,4,MONTENEGRO,ME,26331
2016,4,MOROCCO,MA,4989716
2016,4,MOZAMBIQUE,MZ,20184204
2016,4,NAMIBIA,NA,189471
2016,4,NAURU,NR,108075
2016,4,NEPAL,NP,2957360
2016,4,NETHERLANDS,NL,344592224
2016,4,NEW CALEDONIA,NC,14677923
2016,4,NEW ZEALAND,NZ,42539261
2016,4,NICARAGUA,NI,464239
2016,4,NIGER,NE,1148406
2016,4,NIGERIA,NG,91577173
2016,4,NORFOLK ISLAND,NF,0
2016,4,NORTHERN MARIANA ISLANDS,MP,21164
2016,4,NORWAY,NO,9237031
2016,4,OMAN,OM,21873002
2016,4,"OTHER COUNTRIES, NES.",ZZ,637551
2016,4,PAKISTAN,PK,94259461
2016,4,PALAU,PW,133972
2016,4,PALESTINE,PS,993
2016,4,PANAMA,PA,8368354
2016,4,PAPUA NEW GUINEA,PG,50443286
2016,4,PARAGUAY,PY,267195
2016,4,PEOPLE'S DEM. REP. LAO,LA,2527995
2016,4,PEOPLE'S REP. OF MONGOLIA,MN,1335945
2016,4,PEOPLE'S REPUBLIC OF CHINA,CN,1728206739
2016,4,PERU,PE,7205639
2016,4,PHILIPPINES,PH,272812897
2016,4,POLAND,PL,22252155
2016,4,PORTUGAL,PT,5982773
2016,4,PUERTO RICO,PR,1398949
2016,4,QATAR,QA,11633753
2016,4,REPUBLIC OF INDONESIA,ID,616190928
2016,4,REPUBLIC OF KOREA,KR,458311744
2016,4,REPUBLIC OF MOLDOVA,MD,49167
2016,4,REPUBLIC OF SINGAPORE,SG,2343151544
2016,4,REPUBLIC OF SOUTH AFRICA,ZA,64314044
2016,4,REPUBLIC OF SRI LANKA,LK,38945095
2016,4,REPUBLIC OF YEMEN,YE,12548446
2016,4,REUNION ISLANDS,RE,803004
2016,4,ROMANIA,RO,9417756
2016,4,RUSSIAN FEDERATION,RU,42001998
2016,4,RWANDA,RW,0
2016,4,SAINT KITTS & NEVIS,KN,10633
2016,4,SAINT LUCIA,LC,15739
2016,4,SAINT VINCENT/GRENADINES,VC,14077
2016,4,SAO TOME AND PRINCIPE,ST,28171
2016,4,SAUDI ARABIA,SA,63840309
2016,4,SENEGAL,SN,4535178
2016,4,SERBIA,RS,538781
2016,4,SEYCHELLES,SC,1146161
2016,4,SIERRA LEONE,SL,880910
2016,4,SLOVAKIA,SK,4940977
2016,4,SLOVENIA,SI,17251759
2016,4,SOCIALIST REP. OF VIET NAM,VN,539758483
2016,4,SOLOMON ISLANDS,SB,8861180
2016,4,SOMALIA,SO,8273417
2016,4,SPAIN,ES,32304037
2016,4,SUDAN,SD,4165430
2016,4,SURINAME,SR,177469
2016,4,SW,SW,0
2016,4,SWAZILAND,SZ,77057
2016,4,SWEDEN,SE,32448527
2016,4,SWITZERLAND,CH,22084094
2016,4,SYRIAN ARAB REPUBLIC,SY,3698975
2016,4,TAIWAN,TW,488320903
2016,4,TAJIKISTAN,TJ,193877
2016,4,THAILAND,TH,809975104
2016,4,TIMOR LESTE,TL,597846
2016,4,TOGO,TG,13029735
2016,4,TOKELAU,TK,0
2016,4,TONGA,TO,185947
2016,4,TRINIDAD AND TOBAGO,TT,3282366
2016,4,TUNISIA,TN,9260939
2016,4,TURKEY,TR,94808155
2016,4,TURKMENISTAN,TM,329170
2016,4,TUVALU,TV,22618
2016,4,U.S. MINOR OUTLYING ISLANDS,UM,2123
2016,4,UGANDA,UG,610058
2016,4,UKRAINE,UA,4897881
2016,4,UNION OF MYANMAR,MM,57586244
2016,4,UNITED ARAB EMIRATES,AE,306686054
2016,4,UNITED KINGDOM,GB,173772997
2016,4,UNITED REP. OF TANZANIA,TZ,40736424
2016,4,UNITED STATES OF AMERICA,US,1698220766
2016,4,URUGUAY,UY,1417149
2016,4,UZBEKISTAN,UZ,15193900
2016,4,VANUATU,VU,146461
2016,4,VENEZUELA,VE,6598299
2016,4,WESTERN SAMOA,WS,363304
2016,4,ZAMBIA,ZM,79604
2016,4,ZIMBABWE,ZW,867227
2016,5,AFGHANISTAN,AF,4436456
2016,5,ALBANIA,AL,260988
2016,5,ALGERIA,DZ,7851612
2016,5,AMERICAN SAMOA,AS,5170675
2016,5,ANDORRA,AD,19253
2016,5,ANGOLA,AO,7826013
2016,5,ANGUILLA,AI,448
2016,5,ANTIGUA & BARBUDA,AG,50979
2016,5,ARGENTINA,AR,39740495
2016,5,ARMENIA,AM,225028
2016,5,ARUBA,AW,2521
2016,5,AUSTRALIA,AU,479619365
2016,5,AUSTRIA,AT,9340610
2016,5,AZERBAIJAN,AZ,1187467
2016,5,BAHAMAS,BS,487091
2016,5,BAHRAIN,BH,6500678
2016,5,BANGLADESH,BD,142357963
2016,5,BARBADOS,BB,249335
2016,5,BELARUS,BY,351131
2016,5,BELGIUM,BE,85917671
2016,5,BELIZE,BZ,165329
2016,5,BENIN,BJ,25876187
2016,5,BERMUDA,BM,3500
2016,5,BHUTAN,BT,46616
2016,5,BOLIVIA,BO,114443
2016,5,BOSNIA - HERZEGOVINA,BA,46422
2016,5,BOTSWANA,BW,112356
2016,5,BRAZIL,BR,39373566
2016,5,BRITISH VIRGIN ISLANDS,VG,3843628
2016,5,BRUNEI DARUSSALAM,BN,49234165
2016,5,BULGARIA,BG,4444077
2016,5,BURKINA FASO,BF,852254
2016,5,CAMBODIA,KH,20086249
2016,5,CAMEROON,CM,1921808
2016,5,CANADA,CA,52693652
2016,5,CAPE VERDE,CV,2397
2016,5,CAYMAN ISLANDS,KY,118492
2016,5,CENTRAL AFRICAN REPUBLIC,CF,178221
2016,5,CHAD,TD,34484
2016,5,CHILE,CL,19632679
2016,5,CHRISTMAS ISLAND (IND.OCEAN),CX,17121
2016,5,COLOMBIA,CO,5322444
2016,5,COMOROS,KM,204289
2016,5,CONGO,CG,4329435
2016,5,"CONGO, THE DEMOCRATIC REPUBLIC (ZAIRE)",CD,581877
2016,5,COOK ISLANDS,CK,9342
2016,5,COSTA RICA,CR,4218044
2016,5,COTE D'IVOIRE,CI,6255837
2016,5,CROATIA,HR,1387134
2016,5,CUBA,CU,1487277
2016,5,CURACAO,CW,19120
2016,5,CYPRUS,CY,1112338
2016,5,CZECH REPUBLIC,CZ,23970347
2016,5,DEM. PEOPLE'S REP. OF KOREA,KP,593324
2016,5,DENMARK,DK,8960851
2016,5,DJIBOUTI,DJ,5221068
2016,5,DOMINICA,DM,41159
2016,5,DOMINICAN REPUBLIC,DO,2354150
2016,5,ECUADOR,EC,935778
2016,5,EGYPT,EG,39417718
2016,5,EL SALVADOR,SV,1788513
2016,5,EQUATORIAL GUINEA,GQ,222681
2016,5,ERITREA,ER,217506
2016,5,ESTONIA,EE,1172845
2016,5,ETHIOPIA,ET,9950128
2016,5,FED. STATES OF MICRONESIA,FM,52010
2016,5,FEDERAL REPUBLIC OF GERMANY,DE,432057787
2016,5,FIJI,FJ,2824876
2016,5,FINLAND,FI,6671906
2016,5,FRANCE,FR,115745866
2016,5,FRENCH GUIANA,GF,35859
2016,5,FRENCH POLYNESIA,PF,2334621
2016,5,GABON,GA,6158597
2016,5,GAMBIA,GM,1615151
2016,5,GEORGIA,GE,2355820
2016,5,GHANA,GH,16895244
2016,5,GIBRALTAR,GI,30505
2016,5,GREECE,GR,4430109
2016,5,GREENLAND,GL,0
2016,5,GRENADA,GD,558020
2016,5,GUADELOUPE,GP,69515
2016,5,GUAM,GU,163438
2016,5,GUATEMALA,GT,2082718
2016,5,GUINEA,GN,802299
2016,5,GUINEA-BISSAU,GW,340265
2016,5,GUYANA,GY,724144
2016,5,HAITI,HT,1029527
2016,5,HONDURAS,HN,3307605
2016,5,HONG KONG,HK,726592100
2016,5,HUNGARY,HU,22184586
2016,5,ICELAND,IS,57495
2016,5,INDIA,IN,676553890
2016,5,IRAQ,IQ,10190539
2016,5,IRELAND,IE,12632537
2016,5,ISLAMIC REP. OF IRAN,IR,25194682
2016,5,ITALY,IT,73503586
2016,5,JAMAICA,JM,1668727
2016,5,JAPAN,JP,1057141654
2016,5,JORDAN,JO,6523724
2016,5,KAZAKHSTAN,KZ,3810067
2016,5,KENYA,KE,17329058
2016,5,KIRIBATI,KI,79518
2016,5,KUWAIT,KW,15691212
2016,5,KYRGYZSTAN,KG,137325
2016,5,LATVIA,LV,2734279
2016,5,LEBANON,LB,5166176
2016,5,LESOTHO,LS,227036
2016,5,LIBERIA,LR,4485896
2016,5,LIBYAN ARAB JAMAHIRIYA,LY,1096722
2016,5,LIECHTENSTEIN,LI,30011
2016,5,LITHUANIA,LT,3278480
2016,5,LUXEMBOURG,LU,657235
2016,5,MACAU,MO,3240563
2016,5,MACEDONIA,MK,359764
2016,5,MADAGASCAR,MG,7687231
2016,5,MALAWI,MW,650041
2016,5,"MALAYSIA, PENINSULAR",MY,0
2016,5,MALDIVES,MV,10536524
2016,5,MALI,ML,313954
2016,5,MALTA,MT,2332959
2016,5,MARSHALL ISLANDS,MH,54585
2016,5,MARTINIQUE,MQ,104009
2016,5,MAURITANIA,MR,1447346
2016,5,MAURITIUS,MU,6897917
2016,5,MAYOTTE,YT,347052
2016,5,MEXICO,MX,161044302
2016,5,MONACO,MC,398
2016,5,MONTENEGRO,ME,39556
2016,5,MOROCCO,MA,6912223
2016,5,MOZAMBIQUE,MZ,1939150
2016,5,NAMIBIA,NA,258658
2016,5,NEPAL,NP,1615148
2016,5,NETHERLANDS,NL,371999722
2016,5,NEW CALEDONIA,NC,338096
2016,5,NEW ZEALAND,NZ,70172514
2016,5,NICARAGUA,NI,1073463
2016,5,NIGER,NE,484698
2016,5,NIGERIA,NG,49481700
2016,5,NORFOLK ISLAND,NF,34452
2016,5,NORTHERN MARIANA ISLANDS,MP,119185
2016,5,NORWAY,NO,7136661
2016,5,OMAN,OM,20873446
2016,5,"OTHER COUNTRIES, NES.",ZZ,595279
2016,5,PAKISTAN,PK,117371988
2016,5,PALAU,PW,5111
2016,5,PALESTINE,PS,35142
2016,5,PANAMA,PA,7738578
2016,5,PAPUA NEW GUINEA,PG,15142871
2016,5,PARAGUAY,PY,456226
2016,5,PEOPLE'S DEM. REP. LAO,LA,1752744
2016,5,PEOPLE'S REP. OF MONGOLIA,MN,1706456
2016,5,PEOPLE'S REPUBLIC OF CHINA,CN,1750743409
2016,5,PERU,PE,7501259
2016,5,PHILIPPINES,PH,268954674
2016,5,POLAND,PL,19420807
2016,5,PORTUGAL,PT,5931379
2016,5,PUERTO RICO,PR,2631170
2016,5,QATAR,QA,16121612
2016,5,REPUBLIC OF INDONESIA,ID,563371369
2016,5,REPUBLIC OF KOREA,KR,386248307
2016,5,REPUBLIC OF MOLDOVA,MD,598
2016,5,REPUBLIC OF SINGAPORE,SG,2098509151
2016,5,REPUBLIC OF SOUTH AFRICA,ZA,37265020
2016,5,REPUBLIC OF SRI LANKA,LK,45394044
2016,5,REPUBLIC OF YEMEN,YE,15375194
2016,5,REUNION ISLANDS,RE,2226729
2016,5,ROMANIA,RO,8260745
2016,5,RUSSIAN FEDERATION,RU,37163856
2016,5,RWANDA,RW,129648
2016,5,SAINT KITTS & NEVIS,KN,34727
2016,5,SAINT LUCIA,LC,16131
2016,5,SAINT VINCENT/GRENADINES,VC,13466
2016,5,SAO TOME AND PRINCIPE,ST,36466
2016,5,SAUDI ARABIA,SA,68125048
2016,5,SENEGAL,SN,3451841
2016,5,SERBIA,RS,360126
2016,5,SEYCHELLES,SC,790346
2016,5,SIERRA LEONE,SL,403301
2016,5,SLOVAKIA,SK,4103410
2016,5,SLOVENIA,SI,24247421
2016,5,SOCIALIST REP. OF VIET NAM,VN,543272003
2016,5,SOLOMON ISLANDS,SB,2202717
2016,5,SOMALIA,SO,6503729
2016,5,SPAIN,ES,65735934
2016,5,SUDAN,SD,3230911
2016,5,SURINAME,SR,211196
2016,5,SWAZILAND,SZ,126745
2016,5,SWEDEN,SE,26917069
2016,5,SWITZERLAND,CH,29275233
2016,5,SYRIAN ARAB REPUBLIC,SY,3035461
2016,5,TAIWAN,TW,392625982
2016,5,TAJIKISTAN,TJ,136181
2016,5,THAILAND,TH,851952060
2016,5,TIMOR LESTE,TL,320375
2016,5,TOGO,TG,5893017
2016,5,TONGA,TO,257752
2016,5,TRINIDAD AND TOBAGO,TT,1627145
2016,5,TUNISIA,TN,6497454
2016,5,TURKEY,TR,131837767
2016,5,TURKMENISTAN,TM,966489
2016,5,TURKS AND CAICOS ISLANDS,TC,16384
2016,5,TUVALU,TV,44826
2016,5,U.S. MINOR OUTLYING ISLANDS,UM,2241
2016,5,UGANDA,UG,1236703
2016,5,UKRAINE,UA,5332900
2016,5,UNION OF MYANMAR,MM,59293002
2016,5,UNITED ARAB EMIRATES,AE,247914590
2016,5,UNITED KINGDOM,GB,186078314
2016,5,UNITED REP. OF TANZANIA,TZ,7032725
2016,5,UNITED STATES OF AMERICA,US,1576810831
2016,5,UNITED STATES VIRGIN ISLANDS,VI,3335
2016,5,URUGUAY,UY,1234763
2016,5,UZBEKISTAN,UZ,15924583
2016,5,VANUATU,VU,5465045
2016,5,VENEZUELA,VE,1426644
2016,5,WESTERN SAMOA,WS,579076
2016,5,ZAMBIA,ZM,148715
2016,5,ZIMBABWE,ZW,1320504
2016,6,AFGHANISTAN,AF,8406931
2016,6,ALBANIA,AL,441485
2016,6,ALGERIA,DZ,10769784
2016,6,AMERICAN SAMOA,AS,256099
2016,6,ANDORRA,AD,14516
2016,6,ANGOLA,AO,25319568
2016,6,ANTIGUA & BARBUDA,AG,65202
2016,6,ARGENTINA,AR,18134322
2016,6,ARMENIA,AM,352548
2016,6,ARUBA,AW,196618
2016,6,AUSTRALIA,AU,592043784
2016,6,AUSTRIA,AT,6031032
2016,6,AZERBAIJAN,AZ,324792
2016,6,BAHAMAS,BS,397279
2016,6,BAHRAIN,BH,6172702
2016,6,BANGLADESH,BD,149837329
2016,6,BARBADOS,BB,178136
2016,6,BELARUS,BY,151715
2016,6,BELGIUM,BE,82283356
2016,6,BELIZE,BZ,248319
2016,6,BENIN,BJ,19166111
2016,6,BERMUDA,BM,148617
2016,6,BHUTAN,BT,342625
2016,6,BOLIVIA,BO,779537
2016,6,BOSNIA - HERZEGOVINA,BA,15491
2016,6,BOTSWANA,BW,144478
2016,6,BRAZIL,BR,68722104
2016,6,BRITISH INDIAN OCEAN TERR.,IO,661
2016,6,BRITISH VIRGIN ISLANDS,VG,3807045
2016,6,BRUNEI DARUSSALAM,BN,46831893
2016,6,BULGARIA,BG,4690831
2016,6,BURKINA FASO,BF,300000
2016,6,CAMBODIA,KH,28103493
2016,6,CAMEROON,CM,1832864
2016,6,CANADA,CA,69727680
2016,6,CAPE VERDE,CV,159767
2016,6,CAYMAN ISLANDS,KY,19085
2016,6,CENTRAL AFRICAN REPUBLIC,CF,53867
2016,6,CHAD,TD,3556
2016,6,CHILE,CL,10722302
2016,6,CHRISTMAS ISLAND (IND.OCEAN),CX,103827
2016,6,COLOMBIA,CO,6966110
2016,6,COMOROS,KM,120413
2016,6,CONGO,CG,7608555
2016,6,"CONGO, THE DEMOCRATIC REPUBLIC (ZAIRE)",CD,1042147
2016,6,COSTA RICA,CR,4074798
2016,6,COTE D'IVOIRE,CI,6806126
2016,6,CROATIA,HR,1904103
2016,6,CUBA,CU,2811317
2016,6,CURACAO,CW,13811
2016,6,CYPRUS,CY,1265969
2016,6,CZECH REPUBLIC,CZ,28861819
2016,6,DEM. PEOPLE'S REP. OF KOREA,KP,246918
2016,6,DENMARK,DK,8777316
2016,6,DJIBOUTI,DJ,8605255
2016,6,DOMINICA,DM,91423
2016,6,DOMINICAN REPUBLIC,DO,2896961
2016,6,ECUADOR,EC,1635698
2016,6,EGYPT,EG,32030649
2016,6,EL SALVADOR,SV,1249853
2016,6,EQUATORIAL GUINEA,GQ,294099
2016,6,ESTONIA,EE,2085776
2016,6,ETHIOPIA,ET,11292196
2016,6,FED. STATES OF MICRONESIA,FM,12086
2016,6,FEDERAL REPUBLIC OF GERMANY,DE,437395951
2016,6,FIJI,FJ,5363195
2016,6,FINLAND,FI,8809955
2016,6,FRANCE,FR,126557559
2016,6,FRENCH POLYNESIA,PF,237376
2016,6,GABON,GA,2752910
2016,6,GAMBIA,GM,1999522
2016,6,GEORGIA,GE,1250557
2016,6,GHANA,GH,22366667
2016,6,GIBRALTAR,GI,6204
2016,6,GREECE,GR,7032318
2016,6,GREENLAND,GL,0
2016,6,GRENADA,GD,1323527
2016,6,GUADELOUPE,GP,42252
2016,6,GUAM,GU,336019
2016,6,GUATEMALA,GT,2773613
2016,6,GUINEA,GN,7863707
2016,6,GUINEA-BISSAU,GW,639414
2016,6,GUYANA,GY,605258
2016,6,HAITI,HT,874044
2016,6,HONDURAS,HN,1926910
2016,6,HONG KONG,HK,827798229
2016,6,HUNGARY,HU,28750541
2016,6,ICELAND,IS,398088
2016,6,INDIA,IN,628159773
2016,6,IRAQ,IQ,9456994
2016,6,IRELAND,IE,10016494
2016,6,ISLAMIC REP. OF IRAN,IR,53880861
2016,6,ITALY,IT,88398683
2016,6,JAMAICA,JM,1331406
2016,6,JAPAN,JP,1216612481
2016,6,JORDAN,JO,6410692
2016,6,KAZAKHSTAN,KZ,4318706
2016,6,KENYA,KE,15215714
2016,6,KIRIBATI,KI,91619
2016,6,KUWAIT,KW,15508224
2016,6,KYRGYZSTAN,KG,127896
2016,6,LATVIA,LV,4386811
2016,6,LEBANON,LB,4752727
2016,6,LESOTHO,LS,0
2016,6,LIBERIA,LR,3514706
2016,6,LIBYAN ARAB JAMAHIRIYA,LY,572802
2016,6,LIECHTENSTEIN,LI,248678
2016,6,LITHUANIA,LT,3771623
2016,6,LUXEMBOURG,LU,997072
2016,6,MACAU,MO,1661998
2016,6,MACEDONIA,MK,15763
2016,6,MADAGASCAR,MG,8358931
2016,6,MALAWI,MW,320814
2016,6,"MALAYSIA, PENINSULAR",MY,0
2016,6,MALDIVES,MV,9387704
2016,6,MALI,ML,119475
2016,6,MALTA,MT,3082430
2016,6,MARSHALL ISLANDS,MH,34052
2016,6,MARTINIQUE,MQ,117549
2016,6,MAURITANIA,MR,4119886
2016,6,MAURITIUS,MU,7826156
2016,6,MAYOTTE,YT,274748
2016,6,MEXICO,MX,169092083
2016,6,MONACO,MC,0
2016,6,MONTENEGRO,ME,65996
2016,6,MOROCCO,MA,5027157
2016,6,MOZAMBIQUE,MZ,16595909
2016,6,NAMIBIA,NA,654832
2016,6,NEPAL,NP,3292512
2016,6,NETHERLANDS,NL,442490087
2016,6,NEW CALEDONIA,NC,871287
2016,6,NEW ZEALAND,NZ,46925190
2016,6,NICARAGUA,NI,491429
2016,6,NIGER,NE,81960
2016,6,NIGERIA,NG,44652944
2016,6,NORFOLK ISLAND,NF,3245
2016,6,NORTHERN MARIANA ISLANDS,MP,88227
2016,6,NORWAY,NO,5982454
2016,6,OMAN,OM,30718506
2016,6,"OTHER COUNTRIES, NES.",ZZ,2310936
2016,6,PAKISTAN,PK,114512984
2016,6,PALAU,PW,97869
2016,6,PALESTINE,PS,35367
2016,6,PANAMA,PA,6709608
2016,6,PAPUA NEW GUINEA,PG,23067241
2016,6,PARAGUAY,PY,752331
2016,6,PEOPLE'S DEM. REP. LAO,LA,1077238
2016,6,PEOPLE'S REP. OF MONGOLIA,MN,1000902
2016,6,PEOPLE'S REPUBLIC OF CHINA,CN,1881793225
2016,6,PERU,PE,13571228
2016,6,PHILIPPINES,PH,266509471
2016,6,POLAND,PL,24242014
2016,6,PORTUGAL,PT,5779691
2016,6,PUERTO RICO,PR,974577
2016,6,QATAR,QA,13243376
2016,6,REPUBLIC OF INDONESIA,ID,472216819
2016,6,REPUBLIC OF KOREA,KR,433967953
2016,6,REPUBLIC OF MOLDOVA,MD,6888
2016,6,REPUBLIC OF SINGAPORE,SG,2408595392
2016,6,REPUBLIC OF SOUTH AFRICA,ZA,78224658
2016,6,REPUBLIC OF SRI LANKA,LK,61968426
2016,6,REPUBLIC OF YEMEN,YE,7732182
2016,6,REUNION ISLANDS,RE,1313201
2016,6,ROMANIA,RO,8563863
2016,6,RUSSIAN FEDERATION,RU,45775910
2016,6,RWANDA,RW,183862
2016,6,SAINT LUCIA,LC,71620
2016,6,SAUDI ARABIA,SA,56767449
2016,6,SENEGAL,SN,6600800
2016,6,SERBIA,RS,387763
2016,6,SEYCHELLES,SC,7203783
2016,6,SIERRA LEONE,SL,493473
2016,6,SINT MAARTEN (DUTCH PART),SX,20814
2016,6,SLOVAKIA,SK,3505271
2016,6,SLOVENIA,SI,14545087
2016,6,SOCIALIST REP. OF VIET NAM,VN,657863891
2016,6,SOLOMON ISLANDS,SB,1707796
2016,6,SOMALIA,SO,4516331
2016,6,SPAIN,ES,48698288
2016,6,SUDAN,SD,3265185
2016,6,SURINAME,SR,318424
2016,6,SWAZILAND,SZ,61741
2016,6,SWEDEN,SE,23309078
2016,6,SWITZERLAND,CH,84621022
2016,6,SYRIAN ARAB REPUBLIC,SY,1033284
2016,6,TAIWAN,TW,435597904
2016,6,TAJIKISTAN,TJ,91972
2016,6,THAILAND,TH,919207156
2016,6,TIMOR LESTE,TL,545667
2016,6,TOGO,TG,5498522
2016,6,TOKELAU,TK,0
2016,6,TONGA,TO,233969
2016,6,TRINIDAD AND TOBAGO,TT,2164367
2016,6,TUNISIA,TN,3805174
2016,6,TURKEY,TR,139064702
2016,6,TURKMENISTAN,TM,4912232
2016,6,TUVALU,TV,195623
2016,6,U.S. MINOR OUTLYING ISLANDS,UM,320416
2016,6,UGANDA,UG,1037978
2016,6,UKRAINE,UA,5642882
2016,6,UNION OF MYANMAR,MM,93802073
2016,6,UNITED ARAB EMIRATES,AE,292108999
2016,6,UNITED KINGDOM,GB,188057266
2016,6,UNITED REP. OF TANZANIA,TZ,7988206
2016,6,UNITED STATES OF AMERICA,US,1722693423
2016,6,UNITED STATES VIRGIN ISLANDS,VI,0
2016,6,URUGUAY,UY,939108
2016,6,UZBEKISTAN,UZ,3538904
2016,6,VANUATU,VU,45073
2016,6,VENEZUELA,VE,9282923
2016,6,WESTERN SAMOA,WS,310824
2016,6,ZAMBIA,ZM,819624
2016,6,ZIMBABWE,ZW,381739
2016,7,AFGHANISTAN,AF,6769933
2016,7,ALBANIA,AL,253957
2016,7,ALGERIA,DZ,7243691
2016,7,AMERICAN SAMOA,AS,40077
2016,7,ANDORRA,AD,9779
2016,7,ANGOLA,AO,16183054
2016,7,ANTIGUA & BARBUDA,AG,26582
2016,7,ARGENTINA,AR,10421477
2016,7,ARMENIA,AM,731269
2016,7,ARUBA,AW,84814
2016,7,AUSTRALIA,AU,438363035
2016,7,AUSTRIA,AT,7630618
2016,7,AZERBAIJAN,AZ,53572
2016,7,BAHAMAS,BS,104378
2016,7,BAHRAIN,BH,4624823
2016,7,BANGLADESH,BD,59171611
2016,7,BARBADOS,BB,75314
2016,7,BELARUS,BY,898695
2016,7,BELGIUM,BE,75119305
2016,7,BELIZE,BZ,221685
2016,7,BENIN,BJ,18582336
2016,7,BERMUDA,BM,762
2016,7,BHUTAN,BT,87649
2016,7,BOLIVIA,BO,524362
2016,7,BOSNIA - HERZEGOVINA,BA,17799
2016,7,BOTSWANA,BW,355443
2016,7,BRAZIL,BR,62593454
2016,7,BRITISH VIRGIN ISLANDS,VG,1193271
2016,7,BRUNEI DARUSSALAM,BN,36218889
2016,7,BULGARIA,BG,5684975
2016,7,BURKINA FASO,BF,42470
2016,7,BURUNDI,BI,1742
2016,7,CAMBODIA,KH,21150206
2016,7,CAMEROON,CM,1876447
2016,7,CANADA,CA,64892504
2016,7,CAPE VERDE,CV,168588
2016,7,CAYMAN ISLANDS,KY,4017
2016,7,CENTRAL AFRICAN REPUBLIC,CF,35803
2016,7,CHAD,TD,33620
2016,7,CHILE,CL,11805220
2016,7,CHRISTMAS ISLAND (IND.OCEAN),CX,96843
2016,7,COLOMBIA,CO,5834855
2016,7,COMOROS,KM,428449
2016,7,CONGO,CG,5152951
2016,7,"CONGO, THE DEMOCRATIC REPUBLIC (ZAIRE)",CD,782295
2016,7,COOK ISLANDS,CK,28720
2016,7,COSTA RICA,CR,2669021
2016,7,COTE D'IVOIRE,CI,5377684
2016,7,CROATIA,HR,996111
2016,7,CUBA,CU,1501604
2016,7,CURACAO,CW,79421
2016,7,CYPRUS,CY,833678
2016,7,CZECH REPUBLIC,CZ,23449723
2016,7,DEM. PEOPLE'S REP. OF KOREA,KP,33934
2016,7,DENMARK,DK,9654575
2016,7,DJIBOUTI,DJ,6232183
2016,7,DOMINICA,DM,23847
2016,7,DOMINICAN REPUBLIC,DO,2323165
2016,7,ECUADOR,EC,1589847
2016,7,EGYPT,EG,44850499
2016,7,EL SALVADOR,SV,916071
2016,7,EQUATORIAL GUINEA,GQ,1707903
2016,7,ERITREA,ER,771009
2016,7,ESTONIA,EE,1602933
2016,7,ETHIOPIA,ET,7080613
2016,7,FED. STATES OF MICRONESIA,FM,40009
2016,7,FEDERAL REPUBLIC OF GERMANY,DE,400329734
2016,7,FIJI,FJ,5665956
2016,7,FINLAND,FI,8880639
2016,7,FRANCE,FR,100103984
2016,7,FRENCH GUIANA,GF,109334
2016,7,FRENCH POLYNESIA,PF,337875
2016,7,FRENCH SOUTHERN TERR.,TF,1244
2016,7,GABON,GA,3238888
2016,7,GAMBIA,GM,2246490
2016,7,GEORGIA,GE,2584520
2016,7,GHANA,GH,3579653
2016,7,GIBRALTAR,GI,64063
2016,7,GREECE,GR,5634692
2016,7,GRENADA,GD,2083231
2016,7,GUADELOUPE,GP,154184
2016,7,GUAM,GU,263642
2016,7,GUATEMALA,GT,2771848
2016,7,GUINEA,GN,2544034
2016,7,GUINEA-BISSAU,GW,533067
2016,7,GUYANA,GY,523079
2016,7,HAITI,HT,730043
2016,7,HONDURAS,HN,1308718
2016,7,HONG KONG,HK,691553852
2016,7,HUNGARY,HU,29246065
2016,7,ICELAND,IS,74336
2016,7,INDIA,IN,572473896
2016,7,IRAQ,IQ,8371102
2016,7,IRELAND,IE,10411543
2016,7,ISLAMIC REP. OF IRAN,IR,59182869
2016,7,ITALY,IT,84985389
2016,7,JAMAICA,JM,1401521
2016,7,JAPAN,JP,1253576865
2016,7,JORDAN,JO,5496351
2016,7,KAZAKHSTAN,KZ,5683923
2016,7,KENYA,KE,12496209
2016,7,KIRIBATI,KI,146504
2016,7,KUWAIT,KW,14724006
2016,7,KYRGYZSTAN,KG,92650
2016,7,LATVIA,LV,5549999
2016,7,LEBANON,LB,4846654
2016,7,LESOTHO,LS,103539
2016,7,LIBERIA,LR,2196443
2016,7,LIBYAN ARAB JAMAHIRIYA,LY,952359
2016,7,LIECHTENSTEIN,LI,23758
2016,7,LITHUANIA,LT,3146575
2016,7,LUXEMBOURG,LU,513684
2016,7,MACAU,MO,1307642
2016,7,MACEDONIA,MK,21016
2016,7,MADAGASCAR,MG,6033543
2016,7,MALAWI,MW,4448374
2016,7,"MALAYSIA, PENINSULAR",MY,0
2016,7,MALDIVES,MV,8394047
2016,7,MALI,ML,445430
2016,7,MALTA,MT,1865761
2016,7,MARSHALL ISLANDS,MH,93908
2016,7,MARTINIQUE,MQ,59587
2016,7,MAURITANIA,MR,5348833
2016,7,MAURITIUS,MU,6616085
2016,7,MAYOTTE,YT,231875
2016,7,MEXICO,MX,151219035
2016,7,MONTENEGRO,ME,119086
2016,7,MOROCCO,MA,7248755
2016,7,MOZAMBIQUE,MZ,16382524
2016,7,NAMIBIA,NA,172759
2016,7,NAURU,NR,13151
2016,7,NEPAL,NP,1594102
2016,7,NETHERLANDS,NL,426577771
2016,7,NEW CALEDONIA,NC,1945409
2016,7,NEW ZEALAND,NZ,43962449
2016,7,NICARAGUA,NI,431432
2016,7,NIGER,NE,52574
2016,7,NIGERIA,NG,113254293
2016,7,NORTHERN MARIANA ISLANDS,MP,79205
2016,7,NORWAY,NO,6745309
2016,7,OMAN,OM,13527289
2016,7,"OTHER COUNTRIES, NES.",ZZ,2230841
2016,7,PAKISTAN,PK,90057380
2016,7,PALESTINE,PS,40320
2016,7,PANAMA,PA,12365048
2016,7,PAPUA NEW GUINEA,PG,22657007
2016,7,PARAGUAY,PY,617507
2016,7,PEOPLE'S DEM. REP. LAO,LA,914821
2016,7,PEOPLE'S REP. OF MONGOLIA,MN,1330559
2016,7,PEOPLE'S REPUBLIC OF CHINA,CN,1812119581
2016,7,PERU,PE,7155982
2016,7,PHILIPPINES,PH,257910828
2016,7,POLAND,PL,19002774
2016,7,PORTUGAL,PT,5068492
2016,7,PUERTO RICO,PR,1411533
2016,7,QATAR,QA,12925041
2016,7,REPUBLIC OF INDONESIA,ID,522910619
2016,7,REPUBLIC OF KOREA,KR,387044102
2016,7,REPUBLIC OF MOLDOVA,MD,0
2016,7,REPUBLIC OF SINGAPORE,SG,2277493759
2016,7,REPUBLIC OF SOUTH AFRICA,ZA,48093697
2016,7,REPUBLIC OF SRI LANKA,LK,51881192
2016,7,REPUBLIC OF YEMEN,YE,9875864
2016,7,REUNION ISLANDS,RE,2245315
2016,7,ROMANIA,RO,10496521
2016,7,RUSSIAN FEDERATION,RU,35859338
2016,7,RWANDA,RW,7300
2016,7,SAINT LUCIA,LC,50038
2016,7,SAINT VINCENT/GRENADINES,VC,72227
2016,7,SAUDI ARABIA,SA,70141880
2016,7,SENEGAL,SN,5523139
2016,7,SERBIA,RS,621114
2016,7,SEYCHELLES,SC,1030589
2016,7,SIERRA LEONE,SL,872237
2016,7,SLOVAKIA,SK,4704816
2016,7,SLOVENIA,SI,16565101
2016,7,SOCIALIST REP. OF VIET NAM,VN,448977339
2016,7,SOLOMON ISLANDS,SB,3702052
2016,7,SOMALIA,SO,6926903
2016,7,SPAIN,ES,62417552
2016,7,SUDAN,SD,1917034
2016,7,SURINAME,SR,369285
2016,7,SWAZILAND,SZ,186085
2016,7,SWEDEN,SE,28275469
2016,7,SWITZERLAND,CH,57864635
2016,7,SYRIAN ARAB REPUBLIC,SY,1269814
2016,7,TAIWAN,TW,422585531
2016,7,TAJIKISTAN,TJ,80181
2016,7,THAILAND,TH,886066947
2016,7,TIMOR LESTE,TL,888712
2016,7,TOGO,TG,5030156
2016,7,TONGA,TO,151516
2016,7,TRINIDAD AND TOBAGO,TT,2278670
2016,7,TUNISIA,TN,9114942
2016,7,TURKEY,TR,131115522
2016,7,TURKMENISTAN,TM,3574031
2016,7,TURKS AND CAICOS ISLANDS,TC,11362
2016,7,TUVALU,TV,70730
2016,7,UGANDA,UG,796792
2016,7,UKRAINE,UA,12694240
2016,7,UNION OF MYANMAR,MM,69727136
2016,7,UNITED ARAB EMIRATES,AE,206801329
2016,7,UNITED KINGDOM,GB,165309853
2016,7,UNITED REP. OF TANZANIA,TZ,30108171
2016,7,UNITED STATES OF AMERICA,US,1579688796
2016,7,UNITED STATES VIRGIN ISLANDS,VI,0
2016,7,URUGUAY,UY,1936498
2016,7,UZBEKISTAN,UZ,4109535
2016,7,VANUATU,VU,228418
2016,7,VATICAN CITY STATE (HOLYSEE),VA,1489
2016,7,VENEZUELA,VE,999323
2016,7,WALLIS AND FUTUNA ISLANDS,WF,13876
2016,7,WESTERN SAMOA,WS,262649
2016,7,ZAMBIA,ZM,80729
2016,7,ZIMBABWE,ZW,558709
2016,8,AFGHANISTAN,AF,6530680
2016,8,ALBANIA,AL,164572
2016,8,ALGERIA,DZ,8715326
2016,8,AMERICAN SAMOA,AS,147895
2016,8,ANGOLA,AO,12198696
2016,8,ANTIGUA & BARBUDA,AG,170428
2016,8,ARGENTINA,AR,15944530
2016,8,ARMENIA,AM,43158
2016,8,ARUBA,AW,159482
2016,8,AUSTRALIA,AU,484802409
2016,8,AUSTRIA,AT,9157175
2016,8,AZERBAIJAN,AZ,528979
2016,8,BAHAMAS,BS,782900
2016,8,BAHRAIN,BH,5285029
2016,8,BANGLADESH,BD,100416784
2016,8,BARBADOS,BB,109813
2016,8,BELARUS,BY,105687
2016,8,BELGIUM,BE,90962152
2016,8,BELIZE,BZ,173604
2016,8,BENIN,BJ,18431794
2016,8,BERMUDA,BM,5662
2016,8,BHUTAN,BT,55420
2016,8,BOLIVIA,BO,972901
2016,8,BOSNIA - HERZEGOVINA,BA,74650
2016,8,BOTSWANA,BW,256238
2016,8,BRAZIL,BR,51651067
2016,8,BRITISH VIRGIN ISLANDS,VG,0
2016,8,BRUNEI DARUSSALAM,BN,45974381
2016,8,BULGARIA,BG,5525175
2016,8,BURKINA FASO,BF,263824
2016,8,CAMBODIA,KH,21154656
2016,8,CAMEROON,CM,6486389
2016,8,CANADA,CA,69654530
2016,8,CAYMAN ISLANDS,KY,3327
2016,8,CENTRAL AFRICAN REPUBLIC,CF,259027
2016,8,CHAD,TD,6687
2016,8,CHILE,CL,13820213
2016,8,CHRISTMAS ISLAND (IND.OCEAN),CX,8189
2016,8,COLOMBIA,CO,15206949
2016,8,COMOROS,KM,936471
2016,8,CONGO,CG,5569705
2016,8,"CONGO, THE DEMOCRATIC REPUBLIC (ZAIRE)",CD,2316525
2016,8,COOK ISLANDS,CK,7790
2016,8,COSTA RICA,CR,3231402
2016,8,COTE D'IVOIRE,CI,5533513
2016,8,CROATIA,HR,1489613
2016,8,CUBA,CU,2226436
2016,8,CURACAO,CW,84516
2016,8,CYPRUS,CY,570362
2016,8,CZECH REPUBLIC,CZ,30676086
2016,8,DEM. PEOPLE'S REP. OF KOREA,KP,77275
2016,8,DENMARK,DK,15005448
2016,8,DJIBOUTI,DJ,8302571
2016,8,DOMINICA,DM,421334
2016,8,DOMINICAN REPUBLIC,DO,3184463
2016,8,ECUADOR,EC,1893231
2016,8,EGYPT,EG,36953433
2016,8,EL SALVADOR,SV,1070147
2016,8,EQUATORIAL GUINEA,GQ,824879
2016,8,ERITREA,ER,901496
2016,8,ESTONIA,EE,2696546
2016,8,ETHIOPIA,ET,12097475
2016,8,FALKLAND ISLAND (MALVINAS),FK,0
2016,8,FED. STATES OF MICRONESIA,FM,52663
2016,8,FEDERAL REPUBLIC OF GERMANY,DE,469492205
2016,8,FIJI,FJ,6019049
2016,8,FINLAND,FI,9726075
2016,8,FRANCE,FR,117261559
2016,8,FRENCH GUIANA,GF,51968
2016,8,FRENCH POLYNESIA,PF,357803
2016,8,GABON,GA,2420666
2016,8,GAMBIA,GM,4482114
2016,8,GEORGIA,GE,691537
2016,8,GHANA,GH,18521626
2016,8,GREECE,GR,5465095
2016,8,GRENADA,GD,858711
2016,8,GUADELOUPE,GP,81976
2016,8,GUAM,GU,264089
2016,8,GUATEMALA,GT,3468772
2016,8,GUINEA,GN,6372644
2016,8,GUINEA-BISSAU,GW,310000
2016,8,GUYANA,GY,436792
2016,8,HAITI,HT,1566510
2016,8,HONDURAS,HN,1320552
2016,8,HONG KONG,HK,769820476
2016,8,HUNGARY,HU,24234796
2016,8,ICELAND,IS,95290
2016,8,INDIA,IN,812753434
2016,8,IRAQ,IQ,9512272
2016,8,IRELAND,IE,11420639
2016,8,ISLAMIC REP. OF IRAN,IR,46251680
2016,8,ITALY,IT,109107819
2016,8,JAMAICA,JM,1989740
2016,8,JAPAN,JP,1296804438
2016,8,JORDAN,JO,8910852
2016,8,KAZAKHSTAN,KZ,4568122
2016,8,KENYA,KE,18415241
2016,8,KIRIBATI,KI,93620
2016,8,KUWAIT,KW,10465273
2016,8,KYRGYZSTAN,KG,202852
2016,8,LATVIA,LV,8833718
2016,8,LEBANON,LB,4926931
2016,8,LIBERIA,LR,5753475
2016,8,LIBYAN ARAB JAMAHIRIYA,LY,604663
2016,8,LIECHTENSTEIN,LI,0
2016,8,LITHUANIA,LT,1329736
2016,8,LUXEMBOURG,LU,801891
2016,8,MACAU,MO,2569699
2016,8,MACEDONIA,MK,15381
2016,8,MADAGASCAR,MG,9668107
2016,8,MALAWI,MW,4592537
2016,8,"MALAYSIA, PENINSULAR",MY,0
2016,8,MALDIVES,MV,10536370
2016,8,MALI,ML,105378
2016,8,MALTA,MT,1820552
2016,8,MARSHALL ISLANDS,MH,131702
2016,8,MARTINIQUE,MQ,192194
2016,8,MAURITANIA,MR,5963153
2016,8,MAURITIUS,MU,7717168
2016,8,MAYOTTE,YT,382423
2016,8,MEXICO,MX,176988330
2016,8,MONACO,MC,100639
2016,8,MONTENEGRO,ME,91283
2016,8,MOROCCO,MA,5811252
2016,8,MOZAMBIQUE,MZ,15612551
2016,8,NAMIBIA,NA,334900
2016,8,NAURU,NR,16612
2016,8,NEPAL,NP,1587916
2016,8,NETHERLANDS,NL,465562120
2016,8,NEW CALEDONIA,NC,649204
2016,8,NEW ZEALAND,NZ,51811164
2016,8,NICARAGUA,NI,250380
2016,8,NIGER,NE,8497
2016,8,NIGERIA,NG,83832594
2016,8,NORTHERN MARIANA ISLANDS,MP,56164
2016,8,NORWAY,NO,4889469
2016,8,OMAN,OM,20683453
2016,8,"OTHER COUNTRIES, NES.",ZZ,1337674
2016,8,PAKISTAN,PK,105877480
2016,8,PALAU,PW,14381
2016,8,PALESTINE,PS,0
2016,8,PANAMA,PA,14172436
2016,8,PAPUA NEW GUINEA,PG,43662764
2016,8,PARAGUAY,PY,551302
2016,8,PEOPLE'S DEM. REP. LAO,LA,1483606
2016,8,PEOPLE'S REP. OF MONGOLIA,MN,1348926
2016,8,PEOPLE'S REPUBLIC OF CHINA,CN,2314953088
2016,8,PERU,PE,13001292
2016,8,PHILIPPINES,PH,305722969
2016,8,POLAND,PL,31281099
2016,8,PORTUGAL,PT,4835891
2016,8,PUERTO RICO,PR,1679579
2016,8,QATAR,QA,11469601
2016,8,REPUBLIC OF INDONESIA,ID,619943546
2016,8,REPUBLIC OF KOREA,KR,396071475
2016,8,REPUBLIC OF MOLDOVA,MD,17478
2016,8,REPUBLIC OF SINGAPORE,SG,2486442274
2016,8,REPUBLIC OF SOUTH AFRICA,ZA,66679009
2016,8,REPUBLIC OF SRI LANKA,LK,41106246
2016,8,REPUBLIC OF YEMEN,YE,9551106
2016,8,REUNION ISLANDS,RE,1223116
2016,8,ROMANIA,RO,9773093
2016,8,RUSSIAN FEDERATION,RU,50691867
2016,8,RWANDA,RW,92670
2016,8,SAINT KITTS & NEVIS,KN,34274
2016,8,SAINT LUCIA,LC,53317
2016,8,SAINT VINCENT/GRENADINES,VC,123689
2016,8,SAUDI ARABIA,SA,73629571
2016,8,SENEGAL,SN,5475179
2016,8,SERBIA,RS,295459
2016,8,SEYCHELLES,SC,854622
2016,8,SIERRA LEONE,SL,408117
2016,8,SLOVAKIA,SK,5431140
2016,8,SLOVENIA,SI,29825440
2016,8,SOCIALIST REP. OF VIET NAM,VN,476756150
2016,8,SOLOMON ISLANDS,SB,1981519
2016,8,SOMALIA,SO,6353241
2016,8,SPAIN,ES,40707689
2016,8,SUDAN,SD,4192646
2016,8,SURINAME,SR,753017
2016,8,SWAZILAND,SZ,91337
2016,8,SWEDEN,SE,40117694
2016,8,SWITZERLAND,CH,69081331
2016,8,SYRIAN ARAB REPUBLIC,SY,1929182
2016,8,TAIWAN,TW,394142042
2016,8,TAJIKISTAN,TJ,132904
2016,8,THAILAND,TH,923190664
2016,8,TIMOR LESTE,TL,659173
2016,8,TOGO,TG,3035046
2016,8,TONGA,TO,255243
2016,8,TRINIDAD AND TOBAGO,TT,2366172
2016,8,TUNISIA,TN,5258875
2016,8,TURKEY,TR,121910869
2016,8,TURKMENISTAN,TM,1247176
2016,8,TURKS AND CAICOS ISLANDS,TC,4065
2016,8,TUVALU,TV,33243
2016,8,UGANDA,UG,432672
2016,8,UKRAINE,UA,8206225
2016,8,UNION OF MYANMAR,MM,94358626
2016,8,UNITED ARAB EMIRATES,AE,247388148
2016,8,UNITED KINGDOM,GB,169409528
2016,8,UNITED REP. OF TANZANIA,TZ,16397107
2016,8,UNITED STATES OF AMERICA,US,1723973957
2016,8,URUGUAY,UY,2056020
2016,8,UZBEKISTAN,UZ,3611811
2016,8,VANUATU,VU,251261
2016,8,VATICAN CITY STATE (HOLYSEE),VA,11526
2016,8,VENEZUELA,VE,1167636
2016,8,WALLIS AND FUTUNA ISLANDS,WF,11352
2016,8,WESTERN SAMOA,WS,532945
2016,8,ZAMBIA,ZM,244499
2016,8,ZIMBABWE,ZW,2146467
2016,9,AFGHANISTAN,AF,6301714
2016,9,ALBANIA,AL,386576
2016,9,ALGERIA,DZ,9207696
2016,9,AMERICAN SAMOA,AS,200572
2016,9,ANGOLA,AO,14236229
2016,9,ANTIGUA & BARBUDA,AG,38470
2016,9,ARGENTINA,AR,30757473
2016,9,ARMENIA,AM,20598
2016,9,ARUBA,AW,15971
2016,9,AUSTRALIA,AU,500707629
2016,9,AUSTRIA,AT,8023374
2016,9,AZERBAIJAN,AZ,664340
2016,9,BAHAMAS,BS,479298
2016,9,BAHRAIN,BH,4645118
2016,9,BANGLADESH,BD,103186389
2016,9,BARBADOS,BB,166215
2016,9,BELARUS,BY,257129
2016,9,BELGIUM,BE,87476583
2016,9,BELIZE,BZ,442646
2016,9,BENIN,BJ,19043165
2016,9,BERMUDA,BM,4583
2016,9,BHUTAN,BT,40573
2016,9,BOLIVIA,BO,756479
2016,9,BOSNIA - HERZEGOVINA,BA,82709
2016,9,BOTSWANA,BW,243229
2016,9,BRAZIL,BR,66147498
2016,9,BRITISH VIRGIN ISLANDS,VG,3768384
2016,9,BRUNEI DARUSSALAM,BN,43790256
2016,9,BULGARIA,BG,4554578
2016,9,BURKINA FASO,BF,221058
2016,9,CAMBODIA,KH,23112147
2016,9,CAMEROON,CM,5487977
2016,9,CANADA,CA,61756585
2016,9,CAPE VERDE,CV,79324
2016,9,CAYMAN ISLANDS,KY,1026
2016,9,CENTRAL AFRICAN REPUBLIC,CF,14091
2016,9,CHILE,CL,15196014
2016,9,CHRISTMAS ISLAND (IND.OCEAN),CX,9171
2016,9,COLOMBIA,CO,9001426
2016,9,COMOROS,KM,160887
2016,9,CONGO,CG,2799174
2016,9,"CONGO, THE DEMOCRATIC REPUBLIC (ZAIRE)",CD,824403
2016,9,COOK ISLANDS,CK,24399
2016,9,COSTA RICA,CR,2414886
2016,9,COTE D'IVOIRE,CI,4085217
2016,9,CROATIA,HR,1122601
2016,9,CUBA,CU,892337
2016,9,CURACAO,CW,108869
2016,9,CYPRUS,CY,1012837
2016,9,CZECH REPUBLIC,CZ,27463947
2016,9,DEM. PEOPLE'S REP. OF KOREA,KP,14218
2016,9,DENMARK,DK,9643997
2016,9,DJIBOUTI,DJ,8531953
2016,9,DOMINICA,DM,15410
2016,9,DOMINICAN REPUBLIC,DO,2862587
2016,9,ECUADOR,EC,1436872
2016,9,EGYPT,EG,43861899
2016,9,EL SALVADOR,SV,1878718
2016,9,EQUATORIAL GUINEA,GQ,664323
2016,9,ERITREA,ER,1530135
2016,9,ESTONIA,EE,3104826
2016,9,ETHIOPIA,ET,9018780
2016,9,FED. STATES OF MICRONESIA,FM,10194
2016,9,FEDERAL REPUBLIC OF GERMANY,DE,458931313
2016,9,FIJI,FJ,4741009
2016,9,FINLAND,FI,7236535
2016,9,FRANCE,FR,128147727
2016,9,FRENCH GUIANA,GF,111514
2016,9,FRENCH POLYNESIA,PF,455218
2016,9,GABON,GA,1539264
2016,9,GAMBIA,GM,3138784
2016,9,GEORGIA,GE,808073
2016,9,GHANA,GH,10581400
2016,9,GIBRALTAR,GI,15030
2016,9,GREECE,GR,5946200
2016,9,GREENLAND,GL,0
2016,9,GRENADA,GD,730875
2016,9,GUADELOUPE,GP,114039
2016,9,GUAM,GU,253415
2016,9,GUATEMALA,GT,1896738
2016,9,GUINEA,GN,3211268
2016,9,GUINEA-BISSAU,GW,903117
2016,9,GUYANA,GY,345026
2016,9,HAITI,HT,886521
2016,9,HONDURAS,HN,951621
2016,9,HONG KONG,HK,790599438
2016,9,HUNGARY,HU,23730047
2016,9,ICELAND,IS,136427
2016,9,INDIA,IN,685141120
2016,9,IRAQ,IQ,7572660
2016,9,IRELAND,IE,8974500
2016,9,ISLAMIC REP. OF IRAN,IR,58991477
2016,9,ITALY,IT,84589333
2016,9,JAMAICA,JM,2196805
2016,9,JAPAN,JP,1328609643
2016,9,JORDAN,JO,6517052
2016,9,KAZAKHSTAN,KZ,2717548
2016,9,KENYA,KE,8914663
2016,9,KIRIBATI,KI,203564
2016,9,KUWAIT,KW,10143898
2016,9,KYRGYZSTAN,KG,192617
2016,9,LATVIA,LV,3115348
2016,9,LEBANON,LB,4687423
2016,9,LIBERIA,LR,844516
2016,9,LIBYAN ARAB JAMAHIRIYA,LY,711843
2016,9,LIECHTENSTEIN,LI,66843
2016,9,LITHUANIA,LT,3440693
2016,9,LUXEMBOURG,LU,730241
2016,9,MACAU,MO,2481029
2016,9,MACEDONIA,MK,17113
2016,9,MADAGASCAR,MG,8069301
2016,9,MALAWI,MW,3304030
2016,9,"MALAYSIA, PENINSULAR",MY,0
2016,9,MALDIVES,MV,8174843
2016,9,MALI,ML,26713
2016,9,MALTA,MT,1947362
2016,9,MARSHALL ISLANDS,MH,87654
2016,9,MARTINIQUE,MQ,56365
2016,9,MAURITANIA,MR,3317832
2016,9,MAURITIUS,MU,7284795
2016,9,MAYOTTE,YT,104763
2016,9,MEXICO,MX,148426212
2016,9,MONACO,MC,76069
2016,9,MONTENEGRO,ME,31446
2016,9,MOROCCO,MA,7867031
2016,9,MOZAMBIQUE,MZ,17651181
2016,9,NAMIBIA,NA,634898
2016,9,NEPAL,NP,1572356
2016,9,NETHERLANDS,NL,465155554
2016,9,NEW CALEDONIA,NC,973446
2016,9,NEW ZEALAND,NZ,48576558
2016,9,NICARAGUA,NI,498093
2016,9,NIGER,NE,8163
2016,9,NIGERIA,NG,27099103
2016,9,NORTHERN MARIANA ISLANDS,MP,112968
2016,9,NORWAY,NO,11611833
2016,9,OMAN,OM,20873942
2016,9,"OTHER COUNTRIES, NES.",ZZ,1555504
2016,9,PAKISTAN,PK,84856643
2016,9,PALAU,PW,42286
2016,9,PALESTINE,PS,0
2016,9,PANAMA,PA,11015413
2016,9,PAPUA NEW GUINEA,PG,22566013
2016,9,PARAGUAY,PY,300895
2016,9,PEOPLE'S DEM. REP. LAO,LA,1675400
2016,9,PEOPLE'S REP. OF MONGOLIA,MN,1207353
2016,9,PEOPLE'S REPUBLIC OF CHINA,CN,2182442511
2016,9,PERU,PE,30787587
2016,9,PHILIPPINES,PH,300689343
2016,9,POLAND,PL,26217014
2016,9,PORTUGAL,PT,5820319
2016,9,PUERTO RICO,PR,3091037
2016,9,QATAR,QA,13760662
2016,9,REPUBLIC OF INDONESIA,ID,549902350
2016,9,REPUBLIC OF KOREA,KR,423055205
2016,9,REPUBLIC OF MOLDOVA,MD,78521
2016,9,REPUBLIC OF SINGAPORE,SG,2533374249
2016,9,REPUBLIC OF SOUTH AFRICA,ZA,82597593
2016,9,REPUBLIC OF SRI LANKA,LK,37464128
2016,9,REPUBLIC OF YEMEN,YE,9087673
2016,9,REUNION ISLANDS,RE,2079826
2016,9,ROMANIA,RO,7202396
2016,9,RUSSIAN FEDERATION,RU,58126575
2016,9,RWANDA,RW,238705
2016,9,SAINT KITTS & NEVIS,KN,829
2016,9,SAINT VINCENT/GRENADINES,VC,59411
2016,9,SAUDI ARABIA,SA,66895201
2016,9,SENEGAL,SN,4679143
2016,9,SERBIA,RS,277443
2016,9,SEYCHELLES,SC,850271
2016,9,SIERRA LEONE,SL,696181
2016,9,SLOVAKIA,SK,6780224
2016,9,SLOVENIA,SI,24829570
2016,9,SOCIALIST REP. OF VIET NAM,VN,497291271
2016,9,SOLOMON ISLANDS,SB,2018819
2016,9,SOMALIA,SO,4369005
2016,9,SPAIN,ES,45931154
2016,9,SUDAN,SD,2839828
2016,9,SURINAME,SR,243712
2016,9,SVALBARD AND JAN MAYEN ISL.,SJ,18016
2016,9,SW,SW,0
2016,9,SWAZILAND,SZ,65102
2016,9,SWEDEN,SE,27852926
2016,9,SWITZERLAND,CH,68837988
2016,9,SYRIAN ARAB REPUBLIC,SY,2406105
2016,9,TAIWAN,TW,553651415
2016,9,TAJIKISTAN,TJ,93543
2016,9,THAILAND,TH,879988788
2016,9,TIMOR LESTE,TL,702943
2016,9,TOGO,TG,2037110
2016,9,TONGA,TO,92484
2016,9,TRINIDAD AND TOBAGO,TT,2054647
2016,9,TUNISIA,TN,4928853
2016,9,TURKEY,TR,169251998
2016,9,TURKMENISTAN,TM,4702663
2016,9,TUVALU,TV,240214
2016,9,U.S. MINOR OUTLYING ISLANDS,UM,64433
2016,9,UGANDA,UG,972723
2016,9,UKRAINE,UA,7923820
2016,9,UNION OF MYANMAR,MM,70150786
2016,9,UNITED ARAB EMIRATES,AE,230009528
2016,9,UNITED KINGDOM,GB,195275640
2016,9,UNITED REP. OF TANZANIA,TZ,33097262
2016,9,UNITED STATES OF AMERICA,US,1687282513
2016,9,URUGUAY,UY,2533516
2016,9,UZBEKISTAN,UZ,5704958
2016,9,VANUATU,VU,265476
2016,9,VATICAN CITY STATE (HOLYSEE),VA,45185
2016,9,VENEZUELA,VE,546061
2016,9,WALLIS AND FUTUNA ISLANDS,WF,6065
2016,9,WESTERN SAMOA,WS,518504
2016,9,ZAMBIA,ZM,274152
2016,9,ZIMBABWE,ZW,2163417
2016,10,AFGHANISTAN,AF,12200765
2016,10,ALBANIA,AL,205456
2016,10,ALGERIA,DZ,7110110
2016,10,AMERICAN SAMOA,AS,6917654
2016,10,ANGOLA,AO,15464287
2016,10,ANTIGUA & BARBUDA,AG,63446
2016,10,ARGENTINA,AR,9505127
2016,10,ARMENIA,AM,401080
2016,10,ARUBA,AW,2640
2016,10,AUSTRALIA,AU,509457983
2016,10,AUSTRIA,AT,9252119
2016,10,AZERBAIJAN,AZ,663182
2016,10,BAHAMAS,BS,530354
2016,10,BAHRAIN,BH,4727863
2016,10,BANGLADESH,BD,110885604
2016,10,BARBADOS,BB,129302
2016,10,BELARUS,BY,325561
2016,10,BELGIUM,BE,93317896
2016,10,BELIZE,BZ,174389
2016,10,BENIN,BJ,32079795
2016,10,BERMUDA,BM,85183
2016,10,BHUTAN,BT,238145
2016,10,BOLIVIA,BO,629173
2016,10,BOSNIA - HERZEGOVINA,BA,30863
2016,10,BOTSWANA,BW,196214
2016,10,BRAZIL,BR,61235883
2016,10,BRITISH VIRGIN ISLANDS,VG,0
2016,10,BRUNEI DARUSSALAM,BN,37283795
2016,10,BULGARIA,BG,6743855
2016,10,BURKINA FASO,BF,121095
2016,10,CAMBODIA,KH,24504703
2016,10,CAMEROON,CM,2111880
2016,10,CANADA,CA,56499706
2016,10,CAPE VERDE,CV,367519
2016,10,CAYMAN ISLANDS,KY,910
2016,10,CENTRAL AFRICAN REPUBLIC,CF,1803707
2016,10,CHAD,TD,1003
2016,10,CHILE,CL,13173643
2016,10,CHRISTMAS ISLAND (IND.OCEAN),CX,128401
2016,10,COLOMBIA,CO,7598095
2016,10,COMOROS,KM,158025
2016,10,CONGO,CG,3248769
2016,10,"CONGO, THE DEMOCRATIC REPUBLIC (ZAIRE)",CD,777883
2016,10,COOK ISLANDS,CK,12185
2016,10,COSTA RICA,CR,2532116
2016,10,COTE D'IVOIRE,CI,7621651
2016,10,CROATIA,HR,1132128
2016,10,CUBA,CU,370009
2016,10,CURACAO,CW,36284
2016,10,CYPRUS,CY,613178
2016,10,CZECH REPUBLIC,CZ,32368194
2016,10,DEM. PEOPLE'S REP. OF KOREA,KP,5836
2016,10,DENMARK,DK,12391024
2016,10,DJIBOUTI,DJ,6987330
2016,10,DOMINICA,DM,13733
2016,10,DOMINICAN REPUBLIC,DO,3374533
2016,10,ECUADOR,EC,2037407
2016,10,EGYPT,EG,39479546
2016,10,EL SALVADOR,SV,1669959
2016,10,EQUATORIAL GUINEA,GQ,1286785
2016,10,ERITREA,ER,622643
2016,10,ESTONIA,EE,2292430
2016,10,ETHIOPIA,ET,7880262
2016,10,FED. STATES OF MICRONESIA,FM,7534
2016,10,FEDERAL REPUBLIC OF GERMANY,DE,492749702
2016,10,FIJI,FJ,6398398
2016,10,FINLAND,FI,8888886
2016,10,FRANCE,FR,108732520
2016,10,FRENCH GUIANA,GF,117606
2016,10,FRENCH POLYNESIA,PF,8217608
2016,10,GABON,GA,2250915
2016,10,GAMBIA,GM,1894966
2016,10,GEORGIA,GE,1593276
2016,10,GHANA,GH,26708734
2016,10,GIBRALTAR,GI,1596
2016,10,GREECE,GR,6016303
2016,10,GREENLAND,GL,0
2016,10,GRENADA,GD,350793
2016,10,GUADELOUPE,GP,169942
2016,10,GUAM,GU,286618
2016,10,GUATEMALA,GT,5036328
2016,10,GUINEA,GN,4746717
2016,10,GUINEA-BISSAU,GW,314062
2016,10,GUYANA,GY,454243
2016,10,HAITI,HT,1663402
2016,10,HONDURAS,HN,869908
2016,10,HONG KONG,HK,796052568
2016,10,HUNGARY,HU,21517865
2016,10,ICELAND,IS,105340
2016,10,INDIA,IN,657384809
2016,10,IRAQ,IQ,11750957
2016,10,IRELAND,IE,10400642
2016,10,ISLAMIC REP. OF IRAN,IR,34179226
2016,10,ITALY,IT,73696686
2016,10,JAMAICA,JM,1755075
2016,10,JAPAN,JP,1179542226
2016,10,JORDAN,JO,8609536
2016,10,KAZAKHSTAN,KZ,2767669
2016,10,KENYA,KE,10893742
2016,10,KIRIBATI,KI,13268
2016,10,KUWAIT,KW,13489622
2016,10,KYRGYZSTAN,KG,279983
2016,10,LATVIA,LV,12739005
2016,10,LEBANON,LB,6041985
2016,10,LIBERIA,LR,2008462
2016,10,LIBYAN ARAB JAMAHIRIYA,LY,829595
2016,10,LIECHTENSTEIN,LI,16131
2016,10,LITHUANIA,LT,2221413
2016,10,LUXEMBOURG,LU,761462
2016,10,MACAU,MO,2457311
2016,10,MACEDONIA,MK,277
2016,10,MADAGASCAR,MG,5046647
2016,10,MALAWI,MW,6123843
2016,10,"MALAYSIA, PENINSULAR",MY,0
2016,10,MALDIVES,MV,10236021
2016,10,MALI,ML,53621
2016,10,MALTA,MT,1893836
2016,10,MARSHALL ISLANDS,MH,168244
2016,10,MARTINIQUE,MQ,84094
2016,10,MAURITANIA,MR,3572754
2016,10,MAURITIUS,MU,9169654
2016,10,MAYOTTE,YT,504810
2016,10,MEXICO,MX,169069882
2016,10,MONACO,MC,23401
2016,10,MONTENEGRO,ME,42691
2016,10,MOROCCO,MA,5637467
2016,10,MOZAMBIQUE,MZ,2187249
2016,10,NAMIBIA,NA,264015
2016,10,NAURU,NR,65546
2016,10,NEPAL,NP,2720477
2016,10,NETHERLANDS,NL,513030074
2016,10,NEW CALEDONIA,NC,2792079
2016,10,NEW ZEALAND,NZ,118969858
2016,10,NICARAGUA,NI,790104
2016,10,NIGER,NE,5887
2016,10,NIGERIA,NG,49351364
2016,10,NORTHERN MARIANA ISLANDS,MP,100662
2016,10,NORWAY,NO,3844016
2016,10,OMAN,OM,15555902
2016,10,"OTHER COUNTRIES, NES.",ZZ,1074324
2016,10,PAKISTAN,PK,112471668
2016,10,PALAU,PW,5225
2016,10,PALESTINE,PS,76443
2016,10,PANAMA,PA,9379018
2016,10,PAPUA NEW GUINEA,PG,30678790
2016,10,PARAGUAY,PY,444309
2016,10,PEOPLE'S DEM. REP. LAO,LA,1146419
2016,10,PEOPLE'S REP. OF MONGOLIA,MN,1885181
2016,10,PEOPLE'S REPUBLIC OF CHINA,CN,2275180139
2016,10,PERU,PE,9177662
2016,10,PHILIPPINES,PH,291001266
2016,10,POLAND,PL,24777994
2016,10,PORTUGAL,PT,5310306
2016,10,PUERTO RICO,PR,1500123
2016,10,QATAR,QA,14062246
2016,10,REPUBLIC OF INDONESIA,ID,636659157
2016,10,REPUBLIC OF KOREA,KR,517931293
2016,10,REPUBLIC OF MOLDOVA,MD,524
2016,10,REPUBLIC OF SINGAPORE,SG,2323560095
2016,10,REPUBLIC OF SOUTH AFRICA,ZA,63236024
2016,10,REPUBLIC OF SRI LANKA,LK,57425821
2016,10,REPUBLIC OF YEMEN,YE,12915188
2016,10,REUNION ISLANDS,RE,1585404
2016,10,ROMANIA,RO,7965447
2016,10,RUSSIAN FEDERATION,RU,53961435
2016,10,RWANDA,RW,49887
2016,10,S. GEORGIA & SANDWICH ISLANDS,GS,37787
2016,10,SAINT VINCENT/GRENADINES,VC,84886
2016,10,SAUDI ARABIA,SA,66353346
2016,10,SENEGAL,SN,5992960
2016,10,SERBIA,RS,732429
2016,10,SEYCHELLES,SC,1337330
2016,10,SIERRA LEONE,SL,1034527
2016,10,SLOVAKIA,SK,6764785
2016,10,SLOVENIA,SI,22524713
2016,10,SOCIALIST REP. OF VIET NAM,VN,481681092
2016,10,SOLOMON ISLANDS,SB,4911078
2016,10,SOMALIA,SO,8483846
2016,10,SPAIN,ES,36941362
2016,10,SUDAN,SD,2895636
2016,10,SURINAME,SR,265570
2016,10,SW,SW,0
2016,10,SWAZILAND,SZ,0
2016,10,SWEDEN,SE,30533633
2016,10,SWITZERLAND,CH,75480194
2016,10,SYRIAN ARAB REPUBLIC,SY,3434343
2016,10,TAIWAN,TW,446005391
2016,10,TAJIKISTAN,TJ,184292
2016,10,THAILAND,TH,897003046
2016,10,TIMOR LESTE,TL,714839
2016,10,TOGO,TG,2417189
2016,10,TONGA,TO,75254
2016,10,TRINIDAD AND TOBAGO,TT,1588444
2016,10,TUNISIA,TN,2887319
2016,10,TURKEY,TR,174681668
2016,10,TURKMENISTAN,TM,623306
2016,10,TURKS AND CAICOS ISLANDS,TC,14005
2016,10,TUVALU,TV,216403
2016,10,UGANDA,UG,879662
2016,10,UKRAINE,UA,5941502
2016,10,UNION OF MYANMAR,MM,94711900
2016,10,UNITED ARAB EMIRATES,AE,244455547
2016,10,UNITED KINGDOM,GB,181531965
2016,10,UNITED REP. OF TANZANIA,TZ,16863551
2016,10,UNITED STATES OF AMERICA,US,1685986831
2016,10,UNITED STATES VIRGIN ISLANDS,VI,161630
2016,10,URUGUAY,UY,1739771
2016,10,UZBEKISTAN,UZ,18025574
2016,10,VANUATU,VU,13790226
2016,10,VENEZUELA,VE,814228
2016,10,WESTERN SAMOA,WS,430220
2016,10,ZAMBIA,ZM,109272
2016,10,ZIMBABWE,ZW,492704
2016,11,AFGHANISTAN,AF,11206504
2016,11,ALBANIA,AL,7465288
2016,11,ALGERIA,DZ,9029081
2016,11,AMERICAN SAMOA,AS,63369
2016,11,ANGOLA,AO,13727403
2016,11,ANGUILLA,AI,366
2016,11,ANTIGUA & BARBUDA,AG,25916
2016,11,ARGENTINA,AR,10401079
2016,11,ARMENIA,AM,517302
2016,11,ARUBA,AW,131247
2016,11,AUSTRALIA,AU,624795028
2016,11,AUSTRIA,AT,9309668
2016,11,AZERBAIJAN,AZ,583723
2016,11,BAHAMAS,BS,875019
2016,11,BAHRAIN,BH,5346749
2016,11,BANGLADESH,BD,108102860
2016,11,BARBADOS,BB,179906
2016,11,BELARUS,BY,221446
2016,11,BELGIUM,BE,89945608
2016,11,BELIZE,BZ,189438
2016,11,BENIN,BJ,34046355
2016,11,BERMUDA,BM,2484
2016,11,BHUTAN,BT,70814
2016,11,BOLIVIA,BO,469535
2016,11,BOSNIA - HERZEGOVINA,BA,26612
2016,11,BOTSWANA,BW,75970
2016,11,BRAZIL,BR,52909243
2016,11,BRITISH VIRGIN ISLANDS,VG,61946
2016,11,BRUNEI DARUSSALAM,BN,41739365
2016,11,BULGARIA,BG,4826400
2016,11,BURKINA FASO,BF,310940
2016,11,BURUNDI,BI,26384
2016,11,CAMBODIA,KH,18916578
2016,11,CAMEROON,CM,5702145
2016,11,CANADA,CA,58341178
2016,11,CAPE VERDE,CV,123181
2016,11,CAYMAN ISLANDS,KY,24172
2016,11,CENTRAL AFRICAN REPUBLIC,CF,36042
2016,11,CHILE,CL,14012194
2016,11,CHRISTMAS ISLAND (IND.OCEAN),CX,0
2016,11,COLOMBIA,CO,6396164
2016,11,COMOROS,KM,780047
2016,11,CONGO,CG,2344064
2016,11,"CONGO, THE DEMOCRATIC REPUBLIC (ZAIRE)",CD,5265790
2016,11,COOK ISLANDS,CK,16354
2016,11,COSTA RICA,CR,5986225
2016,11,COTE D'IVOIRE,CI,6585375
2016,11,CROATIA,HR,1667194
2016,11,CUBA,CU,529075
2016,11,CURACAO,CW,51409
2016,11,CYPRUS,CY,4077708
2016,11,CZECH REPUBLIC,CZ,26553217
2016,11,DEM. PEOPLE'S REP. OF KOREA,KP,99230
2016,11,DENMARK,DK,10584955
2016,11,DJIBOUTI,DJ,8888527
2016,11,DOMINICA,DM,35129
2016,11,DOMINICAN REPUBLIC,DO,2139543
2016,11,ECUADOR,EC,1331725
2016,11,EGYPT,EG,35454734
2016,11,EL SALVADOR,SV,1098599
2016,11,EQUATORIAL GUINEA,GQ,610178
2016,11,ERITREA,ER,140415
2016,11,ESTONIA,EE,3110682
2016,11,ETHIOPIA,ET,12241159
2016,11,FED. STATES OF MICRONESIA,FM,46899
2016,11,FEDERAL REPUBLIC OF GERMANY,DE,465167896
2016,11,FIJI,FJ,3000562
2016,11,FINLAND,FI,7275874
2016,11,FRANCE,FR,107327834
2016,11,FRENCH GUIANA,GF,31397
2016,11,FRENCH POLYNESIA,PF,159390
2016,11,GABON,GA,3910258
2016,11,GAMBIA,GM,1909662
2016,11,GEORGIA,GE,1552917
2016,11,GHANA,GH,17815416
2016,11,GIBRALTAR,GI,16651
2016,11,GREECE,GR,4015144
2016,11,GREENLAND,GL,0
2016,11,GRENADA,GD,329949
2016,11,GUADELOUPE,GP,145770
2016,11,GUAM,GU,378107
2016,11,GUATEMALA,GT,1728155
2016,11,GUINEA,GN,11367537
2016,11,GUINEA-BISSAU,GW,612153
2016,11,GUYANA,GY,657566
2016,11,HAITI,HT,1337170
2016,11,HONDURAS,HN,1342991
2016,11,HONG KONG,HK,745520327
2016,11,HUNGARY,HU,25887896
2016,11,ICELAND,IS,26249
2016,11,INDIA,IN,679758853
2016,11,IRAQ,IQ,15867191
2016,11,IRELAND,IE,12167878
2016,11,ISLAMIC REP. OF IRAN,IR,47958714
2016,11,ITALY,IT,57858778
2016,11,JAMAICA,JM,2140749
2016,11,JAPAN,JP,1411437243
2016,11,JORDAN,JO,7403364
2016,11,KAZAKHSTAN,KZ,3464935
2016,11,KENYA,KE,22447647
2016,11,KIRIBATI,KI,71541
2016,11,KUWAIT,KW,15073473
2016,11,KYRGYZSTAN,KG,102770
2016,11,LATVIA,LV,4099509
2016,11,LEBANON,LB,5646657
2016,11,LESOTHO,LS,128274
2016,11,LIBERIA,LR,1564798
2016,11,LIBYAN ARAB JAMAHIRIYA,LY,810947
2016,11,LIECHTENSTEIN,LI,18026
2016,11,LITHUANIA,LT,2028705
2016,11,LUXEMBOURG,LU,1396351
2016,11,MACAU,MO,2424099
2016,11,MACEDONIA,MK,151587
2016,11,MADAGASCAR,MG,6863045
2016,11,MALAWI,MW,78661
2016,11,"MALAYSIA, PENINSULAR",MY,0
2016,11,MALDIVES,MV,8780831
2016,11,MALI,ML,234563
2016,11,MALTA,MT,2040668
2016,11,MARSHALL ISLANDS,MH,50955
2016,11,MARTINIQUE,MQ,165971
2016,11,MAURITANIA,MR,6891730
2016,11,MAURITIUS,MU,8042478
2016,11,MAYOTTE,YT,362493
2016,11,MEXICO,MX,151488349
2016,11,MONACO,MC,4320
2016,11,MONTENEGRO,ME,65399
2016,11,MOROCCO,MA,2812742
2016,11,MOZAMBIQUE,MZ,35858871
2016,11,NAMIBIA,NA,132248
2016,11,NEPAL,NP,1876949
2016,11,NETHERLANDS,NL,521075943
2016,11,NEW CALEDONIA,NC,1265884
2016,11,NEW ZEALAND,NZ,92781339
2016,11,NICARAGUA,NI,379951
2016,11,NIGER,NE,749985
2016,11,NIGERIA,NG,40417152
2016,11,NORTHERN MARIANA ISLANDS,MP,41216
2016,11,NORWAY,NO,7749198
2016,11,OMAN,OM,18063767
2016,11,"OTHER COUNTRIES, NES.",ZZ,1160346
2016,11,PAKISTAN,PK,96753231
2016,11,PALAU,PW,74214
2016,11,PALESTINE,PS,19267
2016,11,PANAMA,PA,10110263
2016,11,PAPUA NEW GUINEA,PG,22373087
2016,11,PARAGUAY,PY,855246
2016,11,PEOPLE'S DEM. REP. LAO,LA,1472892
2016,11,PEOPLE'S REP. OF MONGOLIA,MN,1486457
2016,11,PEOPLE'S REPUBLIC OF CHINA,CN,2523575921
2016,11,PERU,PE,8497953
2016,11,PHILIPPINES,PH,244224246
2016,11,POLAND,PL,22962168
2016,11,PORTUGAL,PT,5038830
2016,11,PUERTO RICO,PR,1499409
2016,11,QATAR,QA,11304694
2016,11,REPUBLIC OF INDONESIA,ID,579498660
2016,11,REPUBLIC OF KOREA,KR,421720433
2016,11,REPUBLIC OF MOLDOVA,MD,24182
2016,11,REPUBLIC OF SINGAPORE,SG,2413097382
2016,11,REPUBLIC OF SOUTH AFRICA,ZA,54810272
2016,11,REPUBLIC OF SRI LANKA,LK,44057287
2016,11,REPUBLIC OF YEMEN,YE,17968001
2016,11,REUNION ISLANDS,RE,1128252
2016,11,ROMANIA,RO,9257100
2016,11,RUSSIAN FEDERATION,RU,38336185
2016,11,RWANDA,RW,1121949
2016,11,SAINT LUCIA,LC,1852
2016,11,SAINT VINCENT/GRENADINES,VC,82742
2016,11,SAO TOME AND PRINCIPE,ST,59841
2016,11,SAUDI ARABIA,SA,73415322
2016,11,SENEGAL,SN,4545419
2016,11,SERBIA,RS,478262
2016,11,SEYCHELLES,SC,526555
2016,11,SIERRA LEONE,SL,1049084
2016,11,SLOVAKIA,SK,6756868
2016,11,SLOVENIA,SI,18270346
2016,11,SOCIALIST REP. OF VIET NAM,VN,528291994
2016,11,SOLOMON ISLANDS,SB,4231046
2016,11,SOMALIA,SO,9456913
2016,11,SPAIN,ES,47017420
2016,11,SUDAN,SD,6316575
2016,11,SURINAME,SR,306027
2016,11,SW,SW,0
2016,11,SWAZILAND,SZ,766130
2016,11,SWEDEN,SE,24666041
2016,11,SWITZERLAND,CH,71745624
2016,11,SYRIAN ARAB REPUBLIC,SY,3702687
2016,11,TAIWAN,TW,448076983
2016,11,TAJIKISTAN,TJ,87424
2016,11,THAILAND,TH,893954553
2016,11,TIMOR LESTE,TL,713731
2016,11,TOGO,TG,28130833
2016,11,TOKELAU,TK,0
2016,11,TONGA,TO,166808
2016,11,TRINIDAD AND TOBAGO,TT,1554321
2016,11,TUNISIA,TN,3298749
2016,11,TURKEY,TR,156296506
2016,11,TURKMENISTAN,TM,1624169
2016,11,TUVALU,TV,53145
2016,11,UGANDA,UG,666759
2016,11,UKRAINE,UA,5286728
2016,11,UNION OF MYANMAR,MM,99123494
2016,11,UNITED ARAB EMIRATES,AE,242091422
2016,11,UNITED KINGDOM,GB,177921048
2016,11,UNITED REP. OF TANZANIA,TZ,25088589
2016,11,UNITED STATES OF AMERICA,US,1537684345
2016,11,UNITED STATES VIRGIN ISLANDS,VI,1385
2016,11,URUGUAY,UY,2588135
2016,11,UZBEKISTAN,UZ,8855360
2016,11,VANUATU,VU,136611
2016,11,VENEZUELA,VE,377140
2016,11,WESTERN SAMOA,WS,450056
2016,11,ZAMBIA,ZM,299300
2016,11,ZIMBABWE,ZW,1054314
2016,12,AFGHANISTAN,AF,7282454
2016,12,ALBANIA,AL,526938
2016,12,ALGERIA,DZ,14060570
2016,12,AMERICAN SAMOA,AS,43055
2016,12,ANDORRA,AD,64243
2016,12,ANGOLA,AO,11722796
2016,12,ANGUILLA,AI,340
2016,12,ANTARTICA,AQ,1177
2016,12,ANTIGUA & BARBUDA,AG,84744
2016,12,ARGENTINA,AR,9376036
2016,12,ARMENIA,AM,552258
2016,12,AUSTRALIA,AU,624719780
2016,12,AUSTRIA,AT,7685024
2016,12,AZERBAIJAN,AZ,980219
2016,12,BAHAMAS,BS,107480
2016,12,BAHRAIN,BH,4743645
2016,12,BANGLADESH,BD,81185253
2016,12,BARBADOS,BB,193845
2016,12,BELARUS,BY,184154
2016,12,BELGIUM,BE,96217033
2016,12,BELIZE,BZ,107393
2016,12,BENIN,BJ,22425390
2016,12,BERMUDA,BM,82496
2016,12,BHUTAN,BT,128043
2016,12,BOLIVIA,BO,969953
2016,12,BOSNIA - HERZEGOVINA,BA,20433
2016,12,BOTSWANA,BW,267808
2016,12,BRAZIL,BR,69173840
2016,12,BRITISH VIRGIN ISLANDS,VG,3740838
2016,12,BRUNEI DARUSSALAM,BN,42847950
2016,12,BULGARIA,BG,5969641
2016,12,BURKINA FASO,BF,214818
2016,12,CAMBODIA,KH,17148423
2016,12,CAMEROON,CM,7541633
2016,12,CANADA,CA,55256422
2016,12,CAPE VERDE,CV,62925
2016,12,CENTRAL AFRICAN REPUBLIC,CF,229114
2016,12,CHILE,CL,10513279
2016,12,CHRISTMAS ISLAND (IND.OCEAN),CX,9605
2016,12,COLOMBIA,CO,6466893
2016,12,COMOROS,KM,480814
2016,12,CONGO,CG,2273058
2016,12,"CONGO, THE DEMOCRATIC REPUBLIC (ZAIRE)",CD,1414041
2016,12,COOK ISLANDS,CK,12980
2016,12,COSTA RICA,CR,4256294
2016,12,COTE D'IVOIRE,CI,5799820
2016,12,CROATIA,HR,1660542
2016,12,CUBA,CU,85452
2016,12,CURACAO,CW,63067
2016,12,CYPRUS,CY,587131
2016,12,CZECH REPUBLIC,CZ,27598956
2016,12,DEM. PEOPLE'S REP. OF KOREA,KP,83718
2016,12,DENMARK,DK,13056047
2016,12,DJIBOUTI,DJ,7347059
2016,12,DOMINICA,DM,39105
2016,12,DOMINICAN REPUBLIC,DO,4048175
2016,12,ECUADOR,EC,1440565
2016,12,EGYPT,EG,56945898
2016,12,EL SALVADOR,SV,1312728
2016,12,EQUATORIAL GUINEA,GQ,1303791
2016,12,ERITREA,ER,497273
2016,12,ESTONIA,EE,3324432
2016,12,ETHIOPIA,ET,12271685
2016,12,FAEROE ISLANDS,FO,0
2016,12,FED. STATES OF MICRONESIA,FM,44343
2016,12,FEDERAL REPUBLIC OF GERMANY,DE,482462969
2016,12,FIJI,FJ,4869104
2016,12,FINLAND,FI,9170343
2016,12,FRANCE,FR,110607862
2016,12,FRENCH POLYNESIA,PF,454846
2016,12,GABON,GA,1885042
2016,12,GAMBIA,GM,2668248
2016,12,GEORGIA,GE,955201
2016,12,GHANA,GH,20414610
2016,12,GIBRALTAR,GI,38990
2016,12,GREECE,GR,6586931
2016,12,GREENLAND,GL,0
2016,12,GRENADA,GD,841191
2016,12,GUADELOUPE,GP,99773
2016,12,GUAM,GU,167429
2016,12,GUATEMALA,GT,2376871
2016,12,GUINEA,GN,1249031
2016,12,GUINEA-BISSAU,GW,168689
2016,12,GUYANA,GY,558866
2016,12,HAITI,HT,480839
2016,12,HONDURAS,HN,1238636
2016,12,HONG KONG,HK,808721175
2016,12,HUNGARY,HU,30574708
2016,12,ICELAND,IS,132393
2016,12,INDIA,IN,620386005
2016,12,IRAQ,IQ,15966992
2016,12,IRELAND,IE,13509021
2016,12,ISLAMIC REP. OF IRAN,IR,43648348
2016,12,ITALY,IT,68059109
2016,12,JAMAICA,JM,1914584
2016,12,JAPAN,JP,1358012252
2016,12,JORDAN,JO,7781728
2016,12,KAZAKHSTAN,KZ,3955208
2016,12,KENYA,KE,10398046
2016,12,KIRIBATI,KI,141657
2016,12,KUWAIT,KW,14511545
2016,12,KYRGYZSTAN,KG,295108
2016,12,LATVIA,LV,14116689
2016,12,LEBANON,LB,4677435
2016,12,LESOTHO,LS,69285
2016,12,LIBERIA,LR,990673
2016,12,LIBYAN ARAB JAMAHIRIYA,LY,1053114
2016,12,LIECHTENSTEIN,LI,43478
2016,12,LITHUANIA,LT,1678750
2016,12,LUXEMBOURG,LU,981844
2016,12,MACAU,MO,2305047
2016,12,MACEDONIA,MK,10681
2016,12,MADAGASCAR,MG,5957276
2016,12,MALAWI,MW,5328492
2016,12,"MALAYSIA, PENINSULAR",MY,0
2016,12,MALDIVES,MV,14930958
2016,12,MALI,ML,524368
2016,12,MALTA,MT,1773867
2016,12,MARSHALL ISLANDS,MH,71812
2016,12,MARTINIQUE,MQ,63156
2016,12,MAURITANIA,MR,5410650
2016,12,MAURITIUS,MU,7495101
2016,12,MAYOTTE,YT,293291
2016,12,MEXICO,MX,178953791
2016,12,MONACO,MC,0
2016,12,MONTENEGRO,ME,82259
2016,12,MOROCCO,MA,6881264
2016,12,MOZAMBIQUE,MZ,10380046
2016,12,NAMIBIA,NA,300347
2016,12,NAURU,NR,77307
2016,12,NEPAL,NP,2231892
2016,12,NETHERLANDS,NL,476283987
2016,12,NEW CALEDONIA,NC,1493785
2016,12,NEW ZEALAND,NZ,52354352
2016,12,NICARAGUA,NI,105785
2016,12,NIGER,NE,126804
2016,12,NIGERIA,NG,12054166
2016,12,NORTHERN MARIANA ISLANDS,MP,152649
2016,12,NORWAY,NO,6484216
2016,12,OMAN,OM,19570980
2016,12,"OTHER COUNTRIES, NES.",ZZ,2698184
2016,12,PAKISTAN,PK,118324076
2016,12,PALESTINE,PS,87351
2016,12,PANAMA,PA,9350048
2016,12,PAPUA NEW GUINEA,PG,18559190
2016,12,PARAGUAY,PY,600850
2016,12,PEOPLE'S DEM. REP. LAO,LA,1449800
2016,12,PEOPLE'S REP. OF MONGOLIA,MN,1103537
2016,12,PEOPLE'S REPUBLIC OF CHINA,CN,2290825039
2016,12,PERU,PE,7349186
2016,12,PHILIPPINES,PH,268492898
2016,12,POLAND,PL,24279431
2016,12,PORTUGAL,PT,6174910
2016,12,PUERTO RICO,PR,1020455
2016,12,QATAR,QA,13149757
2016,12,REPUBLIC OF INDONESIA,ID,606793456
2016,12,REPUBLIC OF KOREA,KR,604652084
2016,12,REPUBLIC OF MOLDOVA,MD,61612
2016,12,REPUBLIC OF SINGAPORE,SG,2452499982
2016,12,REPUBLIC OF SOUTH AFRICA,ZA,50527983
2016,12,REPUBLIC OF SRI LANKA,LK,82175870
2016,12,REPUBLIC OF YEMEN,YE,18236489
2016,12,REUNION ISLANDS,RE,1361794
2016,12,ROMANIA,RO,6619859
2016,12,RUSSIAN FEDERATION,RU,49966367
2016,12,RWANDA,RW,213650
2016,12,SAINT LUCIA,LC,181060
2016,12,SAINT VINCENT/GRENADINES,VC,13151
2016,12,SAUDI ARABIA,SA,81056904
2016,12,SENEGAL,SN,6312979
2016,12,SERBIA,RS,722600
2016,12,SEYCHELLES,SC,9767468
2016,12,SIERRA LEONE,SL,1967865
2016,12,SLOVAKIA,SK,3576233
2016,12,SLOVENIA,SI,13351207
2016,12,SOCIALIST REP. OF VIET NAM,VN,481624435
2016,12,SOLOMON ISLANDS,SB,1888662
2016,12,SOMALIA,SO,10155178
2016,12,SPAIN,ES,50100056
2016,12,SUDAN,SD,7332590
2016,12,SURINAME,SR,354175
2016,12,SW,SW,0
2016,12,SWAZILAND,SZ,139578
2016,12,SWEDEN,SE,35309243
2016,12,SWITZERLAND,CH,96090105
2016,12,SYRIAN ARAB REPUBLIC,SY,3434929
2016,12,TAIWAN,TW,475856654
2016,12,TAJIKISTAN,TJ,280869
2016,12,THAILAND,TH,942622037
2016,12,TIMOR LESTE,TL,843306
2016,12,TOGO,TG,10166009
2016,12,TONGA,TO,230259
2016,12,TRINIDAD AND TOBAGO,TT,1791099
2016,12,TUNISIA,TN,3765537
2016,12,TURKEY,TR,224457622
2016,12,TURKMENISTAN,TM,799261
2016,12,TUVALU,TV,10872
2016,12,UGANDA,UG,362886
2016,12,UKRAINE,UA,6393718
2016,12,UNION OF MYANMAR,MM,85815630
2016,12,UNITED ARAB EMIRATES,AE,271951213
2016,12,UNITED KINGDOM,GB,169513157
2016,12,UNITED REP. OF TANZANIA,TZ,8936966
2016,12,UNITED STATES OF AMERICA,US,1608469709
2016,12,URUGUAY,UY,2063973
2016,12,UZBEKISTAN,UZ,4375202
2016,12,VANUATU,VU,324606
2016,12,VENEZUELA,VE,470352
2016,12,WESTERN SAMOA,WS,319444
2016,12,ZAMBIA,ZM,271947
2016,12,ZIMBABWE,ZW,619407
,,,,
"Note:
i. Source : Department Of Statistics Malaysia
ii. Compiled By MATRADE
iii. Exchange rate average for the period based on Bank Negara Malaysia",,,,
